Curso,Materia,Sub_Materia,Pregunta_número,Pregunta,Img_Parrafo,Parrfafo,Pregunta_Parrafo,Respuesta_a,Img_Respuesta_a,Respuesta_b,Img_Respuesta_b,Respuesta_c,Img_Respuesta_c,Respuesta_d,Img_Respuesta_d,Respuesta_correcta,Img_Respuesta_correcta
ECOEMS 2026,Biología,Biología,1,¿Cuál de las siguientes opciones es una función de las proteínas?,,,,Síntesis de ADN,,Transporte de oxígeno,,Almacenamiento de energía,,Digestión de lípidos,,Respuesta_b,
ECOEMS 2026,Biología,Biología,2,¿Qué estructura celular es responsable de la producción de ATP?,,,,Mitocondria,,Núcleo,,Ribosoma,,Retículo endoplasmático,,Respuesta_a,
ECOEMS 2026,Biología,Biología,3,¿Cuál de los siguientes es un ejemplo de un organismo unicelular?,,,,Humano,,Elefante,,Árbol,,Ameba,,Respuesta_d,
ECOEMS 2026,Biología,Biología,4,¿Qué tipo de células poseen orgánulos envueltos en membranas?,,,,Células procariotas,,Células eucariotas,,Células bacterianas,,Células vegetales,,Respuesta_b,
ECOEMS 2026,Biología,Biología,5,¿Cuál de las siguientes opciones es una característica de la meiosis?,,,,Resulta en cuatro células hijas,,Ocurre en todas las células del cuerpo,,Resulta en células hijas idénticas,,Involucra una sola división celular,,Respuesta_a,
ECOEMS 2026,Biología,Biología,6,¿Cuál de las siguientes opciones es una función del ADN?,,,,Digestión de proteínas,,Transporte de agua,,Producción de energía,,Almacenamiento de información genética,,Respuesta_d,
ECOEMS 2026,Biología,Biología,7,¿Qué estructura celular es responsable de la síntesis de proteínas?,,,,Mitocondria,,Retículo endoplasmático,,Ribosoma,,Núcleo,,Respuesta_c,
ECOEMS 2026,Biología,Biología,8,¿Cuál de los siguientes es un ejemplo de un organismo multicelular?,,,,Humano,,Bacteria,,Virus,,Ameba,,Respuesta_a,
ECOEMS 2026,Biología,Biología,9,¿Qué tipo de células poseen un núcleo definido?,,,,Células animales,,Células bacterianas,,Células eucariotas,,Células procariotas,,Respuesta_c,
ECOEMS 2026,Biología,Biología,10,¿Cuál de las siguientes opciones es una característica de la mitosis?,,,,Resulta en cuatro células hijas,,No se involucra en la reproducción sexual,,Ocurre en todas las células del cuerpo,,Resulta en células hijas idénticas,,Respuesta_d,
ECOEMS 2026,Biología,Biología,11,¿Cuál de las siguientes opciones es una función de los lípidos?,,,,Almacenamiento de energía,,Síntesis de ADN,,Transporte de oxígeno,,Digestión de proteínas,,Respuesta_a,
ECOEMS 2026,Biología,Biología,12,¿Qué estructura celular es responsable de la digestión de desechos celulares?,,,,Ribosoma,,Lisosoma,,Núcleo,,Mitocondria,,Respuesta_b,
ECOEMS 2026,Biología,Biología,13,¿Cuál de los siguientes es un ejemplo de un organismo procariota?,,,,Humano,,Árbol,,Bacteria,,Ameba,,Respuesta_c,
ECOEMS 2026,Biología,Biología,14,¿Qué tipo de células poseen cloroplastos?,,,,Células animales,,Células procariotas,,Células vegetales,,Células eucariotas,,Respuesta_c,
ECOEMS 2026,Biología,Biología,15,¿Cuál de las siguientes opciones es una característica de la fotosíntesis?,,,,Involucra una sola división celular,,Resulta en la producción de glucosa,,No se involucra en la reproducción sexual,,Ocurre en todas las células del cuerpo,,Respuesta_b,
ECOEMS 2026,Biología,Biología,16,¿Cuál de las siguientes opciones es una función del ARN?,,,,Síntesis de proteínas,,Producción de energía,,Transporte de agua,,Almacenamiento de información genética,,Respuesta_a,
ECOEMS 2026,Biología,Biología,17,¿Qué estructura celular es responsable de la modificación y transporte de proteínas?,,,,Retículo endoplasmático,,Ribosoma,,Núcleo,,Mitocondria,,Respuesta_a,
ECOEMS 2026,Biología,Biología,18,¿Cuál de los siguientes es un ejemplo de un organismo eucariota?,,,,Humano,,Virus,,Ameba,,Bacteria,,Respuesta_a,
ECOEMS 2026,Biología,Biología,19,¿Qué tipo de células poseen pared celular?,,,,Células animales,,Células procariotas,,Células vegetales,,Células eucariotas,,Respuesta_c,
ECOEMS 2026,Biología,Biología,20,¿Cuál de las siguientes opciones es una característica de la respiración celular?,,,,Ocurre en todas las células del cuerpo,,Involucra una sola división celular,,Resulta en la producción de ATP,,Resulta en cuatro células hijas,,Respuesta_c,
ECOEMS 2026,Biología,Biología,21,¿Cuál de las siguientes opciones es una función de los carbohidratos?,,,,Almacenamiento de información genética,,Producción de energía,,Transporte de agua,,Síntesis de proteínas,,Respuesta_b,
ECOEMS 2026,Biología,Biología,22,¿Qué estructura celular es responsable de la fotosíntesis?,,,,Núcleo,,Mitocondria,,Cloroplasto,,Ribosoma,,Respuesta_c,
ECOEMS 2026,Biología,Biología,23,¿Cuál de los siguientes es un ejemplo de un organismo autótrofo?,,,,León,,Ameba,,Humano,,Árbol,,Respuesta_d,
ECOEMS 2026,Biología,Biología,24,¿Qué tipo de células poseen flagelos?,,,,Células bacterianas,,Células eucariotas,,Células vegetales,,Células procariotas,,Respuesta_a,
ECOEMS 2026,Biología,Biología,25,¿Cuál de las siguientes opciones es una característica de la fermentación?,,,,Resulta en la producción de ATP,,Ocurre en todas las células del cuerpo,,Involucra una sola división celular,,Resulta en cuatro células hijas,,Respuesta_a,
ECOEMS 2026,Biología,Biología,26,¿Cuál de las siguientes opciones es una función de las enzimas?,,,,Almacenamiento de información genética,,Transporte de agua,,Producción de energía,,Catalizar reacciones químicas,,Respuesta_d,
ECOEMS 2026,Biología,Biología,27,¿Qué estructura celular es responsable de la división celular?,,,,Mitocondria,,Centriolo,,Núcleo,,Ribosoma,,Respuesta_b,
ECOEMS 2026,Biología,Biología,28,¿Cuál de los siguientes es un ejemplo de un organismo heterótrofo?,,,,Elefante,,Humano,,Árbol,,Ameba,,Respuesta_b,
ECOEMS 2026,Biología,Biología,29,¿Qué tipo de células poseen cromosomas?,,,,Células eucariotas,,Células procariotas,,Células animales,,Células vegetales,,Respuesta_a,
ECOEMS 2026,Biología,Biología,30,¿Cuál de las siguientes opciones es una característica de la transcripción del ADN?,,,,Resulta en la producción de ARN,,Resulta en cuatro células hijas,,Involucra una sola división celular,,Ocurre en todas las células del cuerpo,,Respuesta_a,
ECOEMS 2026,Biología,Biología,31,¿Cuál de las siguientes opciones es una función de los ácidos nucleicos?,,,,Almacenamiento de información genética,,Síntesis de proteínas,,Producción de energía,,Transporte de agua,,Respuesta_a,
ECOEMS 2026,Biología,Biología,32,¿Qué estructura celular es responsable de la síntesis de lípidos?,,,,Núcleo,,Retículo endoplasmático,,Mitocondria,,Ribosoma,,Respuesta_b,
ECOEMS 2026,Biología,Biología,33,¿Cuál de los siguientes es un ejemplo de un organismo pluricelular?,,,,Humano,,Ameba,,Bacteria,,Virus,,Respuesta_a,
ECOEMS 2026,Biología,Biología,34,¿Qué tipo de células poseen vacuolas?,,,,Células vegetales,,Células eucariotas,,Células animales,,Células procariotas,,Respuesta_a,
ECOEMS 2026,Biología,Biología,35,¿Cuál de las siguientes opciones es una característica de la traducción del ARN?,,,,Ocurre en todas las células del cuerpo,,Resulta en la producción de proteínas,,No se involucra en la reproducción sexual,,Involucra una sola división celular,,Respuesta_b,
ECOEMS 2026,Biología,Biología,36,¿Cuál de las siguientes opciones es una función de las vitaminas?,,,,Coenzimas en reacciones metabólicas,,Almacenamiento de información genética,,Síntesis de proteínas,,Transporte de agua,,Respuesta_a,
ECOEMS 2026,Biología,Biología,37,¿Qué estructura celular es responsable de la síntesis de ARN?,,,,Retículo endoplasmático,,Núcleo,,Mitocondria,,Ribosoma,,Respuesta_b,
ECOEMS 2026,Biología,Biología,38,¿Cuál de los siguientes es un ejemplo de un organismo anaerobio?,,,,Elefante,,Árbol,,Humano,,Bacteria,,Respuesta_d,
ECOEMS 2026,Biología,Biología,39,¿Qué tipo de células poseen peroxisomas?,,,,Células animales,,Células bacterianas,,Células procariotas,,Células eucariotas,,Respuesta_d,
ECOEMS 2026,Biología,Biología,40,¿Cuál de las siguientes opciones es una característica de la replicación del ADN?,,,,Resulta en cuatro células hijas,,Resulta en la producción de two copias de ADN,,No se involucra en la reproducción sexual,,Ocurre en todas las células del cuerpo,,Respuesta_b,
ECOEMS 2026,Biología,Biología,41,¿Cuál de las siguientes opciones es una función de los glóbulos rojos?,,,,Coagulación de la sangre,,Transporte de oxígeno,,Defensa inmunológica,,Regulación de la temperatura,,Respuesta_b,
ECOEMS 2026,Biología,Biología,42,¿Qué estructura celular es responsable de la desintoxicación de sustancias dañinas?,,,,Peroxisoma,,Ribosoma,,Núcleo,,Mitocondria,,Respuesta_a,
ECOEMS 2026,Biología,Biología,43,¿Cuál de los siguientes es un ejemplo de un organismo diploide?,,,,Humano,,Virus,,Ameba,,Bacteria,,Respuesta_a,
ECOEMS 2026,Biología,Biología,44,¿Qué tipo de células poseen plasmodesmos?,,,,Células vegetales,,Células animales,,Células bacterianas,,Células procariotas,,Respuesta_a,
ECOEMS 2026,Biología,Biología,45,¿Cuál de las siguientes opciones es una característica de la transcripción inversa?,,,,Resulta en la producción de ADN a partir de ARN,,Resulta en cuatro células hijas,,Involucra una sola división celular,,Ocurre en todas las células del cuerpo,,Respuesta_a,
ECOEMS 2026,Biología,Biología,46,¿Cuál de las siguientes opciones es una función de los glóbulos blancos?,,,,Defensa inmunológica,,Transporte de oxígeno,,Regulación de la temperatura,,Coagulación de la sangre,,Respuesta_a,
ECOEMS 2026,Biología,Biología,47,¿Qué structure celular es responsable de la síntesis de lípidos?,,,,Núcleo,,Retículo endoplasmático liso,,Ribosoma,,Mitocondria,,Respuesta_b,
ECOEMS 2026,Biología,Biología,48,¿Cuál de los siguientes es un ejemplo de un organismo haploide?,,,,Humano,,Elefante,,Bacteria,,Árbol,,Respuesta_c,
ECOEMS 2026,Biología,Biología,49,¿Qué tipo de células poseen plastos?,,,,Células animales,,Células eucariotas,,Células vegetales,,Células procariotas,,Respuesta_c,
ECOEMS 2026,Biología,Biología,50,¿Cuál de las siguientes opciones es una característica de la transducción de señales?,,,,Resulta en la comunicación entre células,,Involucra una sola división celular,,Ocurre en todas las células del cuerpo,,Resulta en cuatro células hijas,,Respuesta_a,
ECOEMS 2026,Biología,Biología,51,¿Cuál de las siguientes opciones es una función de las plaquetas?,,,,Transporte de oxígeno,,Defensa inmunológica,,Regulación de la temperatura,,Coagulación de la sangre,,Respuesta_d,
ECOEMS 2026,Biología,Biología,52,¿Qué estructura celular es responsable de la síntesis de proteínas?,,,,Retículo endoplasmático,,Mitocondria,,Ribosoma,,Núcleo,,Respuesta_c,
ECOEMS 2026,Biología,Biología,53,¿Cuál de los siguientes es un ejemplo de un organismo aerobio?,,,,Virus,,Ameba,,Humano,,Bacteria,,Respuesta_c,
ECOEMS 2026,Biología,Biología,54,¿Qué tipo de células poseen cromoplastos?,,,,Células animales,,Células eucariotas,,Células vegetales,,Células procariotas,,Respuesta_c,
ECOEMS 2026,Biología,Biología,55,¿Cuál de las siguientes opciones es una característica de la apoptosis?,,,,Resulta en la muerte programada de la célula,,Involucra una sola división celular,,Resulta en cuatro células hijas,,Ocurre en todas las células del cuerpo,,Respuesta_a,
ECOEMS 2026,Biología,Biología,56,¿Cuál de las siguientes opciones es una función de los neutrófilos?,,,,Coagulación de la sangre,,Defensa inmunológica,,Transporte de oxígeno,,Regulación de la temperatura,,Respuesta_b,
ECOEMS 2026,Biología,Biología,57,¿Qué estructura celular es responsable de la síntesis de ARN ribosomal?,,,,Núcleo,,Mitocondria,,Nucleolo,,Retículo endoplasmático,,Respuesta_c,
ECOEMS 2026,Biología,Biología,58,¿Cuál de los siguientes es un ejemplo de un organismo multicelular?,,,,Humano,,Bacteria,,Virus,,Ameba,,Respuesta_a,
ECOEMS 2026,Biología,Biología,59,¿Qué tipo de células poseen desmosomas?,,,,Células animales,,Células vegetales,,Células procariotas,,Células eucariotas,,Respuesta_a,
ECOEMS 2026,Biología,Biología,60,¿Cuál de las siguientes opciones es una característica de la mitosis?,,,,Resulta en dos células hijas idénticas,,Resulta en cuatro células hijas,,Involucra una sola división celular,,Ocurre en todas las células del cuerpo,,Respuesta_a,
ECOEMS 2026,Biología,Biología,61,¿Cuál de las siguientes opciones es una característica de los ecosistemas terrestres?,,,,Presencia de luz solar,,Ausencia de organismos vivos,,Ausencia de plantas,,Presencia de agua salada,,Respuesta_a,
ECOEMS 2026,Biología,Biología,62,¿Qué es la biodiversidad?,,,,La cantidad de agua en un ecosistema,,La variedad de vida en un ecosistema,,La cantidad de luz solar en un ecosistema,,La cantidad de suelo en un ecosistema,,Respuesta_b,
ECOEMS 2026,Biología,Biología,63,¿Cuál de los siguientes es un ejemplo de un consumidor primario?,,,,Lobo,,Conejo,,León,,Águila,,Respuesta_b,
ECOEMS 2026,Biología,Biología,64,¿Qué tipo de relación ecológica es la simbiosis?,,,,Depredación,,Mutualismo,,Competencia,,Comensalismo,,Respuesta_b,
ECOEMS 2026,Biología,Biología,65,¿Cuál de las siguientes opciones es una característica de la cadena alimentaria?,,,,Muestra las relaciones de depredación entre los organismos,,Muestra las relaciones de mutualismo entre los organismos,,Muestra las relaciones de competencia entre los organismos,,Muestra las relaciones de comensalismo entre los organismos,,Respuesta_a,
ECOEMS 2026,Biología,Biología,66,¿Cuál de las siguientes opciones es una función de los productores en un ecosistema?,,,,Consumir plantas y otros animales,,Producir oxígeno y glucosa a través de la fotosíntesis,,Descomponer materia orgánica,,Consumir otros organismos,,Respuesta_b,
ECOEMS 2026,Biología,Biología,67,¿Qué es la sucesión ecológica?,,,,El proceso de cambio en las especies de una comunidad ecológica a lo largo del tiempo,,El proceso de cambio en la luz solar de una comunidad ecológica a lo largo del tiempo,,El proceso de cambio en el suelo de una comunidad ecológica a lo largo del tiempo,,El proceso de cambio en el clima de una comunidad ecológica a lo largo del tiempo,,Respuesta_a,
ECOEMS 2026,Biología,Biología,68,¿Cuál de los siguientes es un ejemplo de un ecosistema acuático?,,,,Bosque,,Montaña,,Pradera,,Océano,,Respuesta_d,
ECOEMS 2026,Biología,Biología,69,¿Qué tipo de relación ecológica es la competencia?,,,,Una relación en la que ambos organismos se benefician,,Una relación sexual mutua,,Una relación en la que un organismo se beneficia a expensas del otro,,Una relación en la que un organismo se beneficia y el otro no se ve afectado,,Respuesta_c,
ECOEMS 2026,Biología,Biología,70,¿Cuál de las siguientes opciones es una característica de los ciclos biogeoquímicos?,,,,No involucran ni a los organismos vivos ni a los elementos no vivos,,Involucran tanto a los organismos vivos como a los elementos no vivos,,Involucran solo a los organismos vivos,,Involucran solo a los elementos no vivos,,Respuesta_b,
ECOEMS 2026,Biología,Biología,71,¿Cuál de las siguientes opciones es una función de los descomponedores en un ecosistema?,,,,Consumir plantas y otros animales,,Producir oxígeno y glucosa a través de la fotosíntesis,,Descomponer materia orgánica,,Consumir otros organismos,,Respuesta_c,
ECOEMS 2026,Biología,Biología,72,¿Qué es la capacidad de carga de un ecosistema?,,,,La cantidad de suelo que puede contener,,La cantidad de luz solar que puede recibir,,La cantidad de agua que puede contener,,El número máximo de individuos que puede soportar,,Respuesta_d,
ECOEMS 2026,Biología,Biología,73,¿Cuál de los siguientes es un ejemplo de un consumidor secundario?,,,,Conejo,,León,,Tiburón,,Águila,,Respuesta_b,
ECOEMS 2026,Biología,Biología,74,¿Qué tipo de relación ecológica es la depredación?,,,,Depredación,,Mutualismo,,Comensalismo,,Competencia,,Respuesta_a,
ECOEMS 2026,Biología,Biología,75,¿Cuál de las siguientes opciones es una característica de la red alimentaria?,,,,Muestra las relaciones de comensalismo entre los organismos,,Muestra las relaciones de mutualismo entre los organismos,,Muestra las relaciones de competencia entre los organismos,,Muestra las relaciones de depredación entre los organismos,,Respuesta_d,
ECOEMS 2026,Biología,Biología,76,¿Cuál de las siguientes opciones es una función del corazón?,,,,Transporte de oxígeno y nutrientes,,Digestión de alimentos,,Producción de hormonas,,Excreción de desechos,,Respuesta_a,
ECOEMS 2026,Biología,Biología,77,¿Qué es el cerebro?,,,,Un órgano del sistema nervioso,,Un órgano del sistema endocrino,,Un órgano del sistema circulatorio,,Un órgano del sistema digestivo,,Respuesta_a,
ECOEMS 2026,Biología,Biología,78,¿Cuál de los siguientes es un ejemplo de un hueso largo?,,,,Costillas,,Cráneo,,Fémur,,Vértebras,,Respuesta_c,
ECOEMS 2026,Biología,Biología,79,¿Qué tipo de tejido es el tejido muscular?,,,,Tejido nervioso,,Tejido muscular,,Tejido conectivo,,Tejido epitelial,,Respuesta_b,
ECOEMS 2026,Biología,Biología,80,¿Cuál de las siguientes opciones es una característica de los pulmones?,,,,Realizan la hematopoyesis,,Realizan la digestión,,Realizan el intercambio de gases,,Realizan la excreción de desechos,,Respuesta_c,
ECOEMS 2026,Biología,Biología,81,¿Cuál de las siguientes opciones es una función de los riñones?,,,,Excreción de desechos,,Producción de hormonas,,Digestión de alimentos,,Transporte de oxígeno y nutrientes,,Respuesta_a,
ECOEMS 2026,Biología,Biología,82,¿Qué es el hígado?,,,,Un órgano del sistema endocrino,,Un órgano del sistema circulatorio,,Un órgano del sistema nervioso,,Un órgano del sistema digestivo,,Respuesta_d,
ECOEMS 2026,Biología,Biología,83,¿Cuál de los siguientes es un ejemplo de un hueso plano?,,,,Cráneo,,Vértebras,,Fémur,,Costillas,,Respuesta_a,
ECOEMS 2026,Biología,Biología,84,¿Qué tipo de tejido es el tejido nervioso?,,,,Tejido muscular,,Tejido conectivo,,Tejido nervioso,,Tejido epitelial,,Respuesta_c,
ECOEMS 2026,Biología,Biología,85,¿Cuál de las siguientes opciones es una característica del estómago?,,,,Realiza la hematopoyesis,,Realiza el intercambio de gases,,Realiza la digestión,,Realiza la excreción de desechos,,Respuesta_c,
ECOEMS 2026,Biología,Biología,86,¿Cuál de las siguientes opciones es una función de los glóbulos blancos?,,,,Producción de hormonas,,Defensa inmunológica,,Digestión de alimentos,,Transporte de oxígeno y nutrientes,,Respuesta_b,
ECOEMS 2026,Biología,Biología,87,¿Qué es el páncreas?,,,,Un órgano del sistema nervioso,,Un órgano del sistema circulatorio,,Un órgano del sistema endocrino,,Un órgano del sistema digestivo,,Respuesta_d,
ECOEMS 2026,Biología,Biología,88,¿Cuál de los siguientes es un ejemplo de un hueso corto?,,,,Vértebras,,Falanges,,Fémur,,Cráneo,,Respuesta_b,
ECOEMS 2026,Biología,Biología,89,¿Qué tipo de tejido es el tejido conectivo?,,,,Tejido muscular,,Tejido epitelial,,Tejido conectivo,,Tejido nervioso,,Respuesta_c,
ECOEMS 2026,Biología,Biología,90,¿Cuál de las siguientes opciones es una característica del intestino delgado?,,,,Realiza la hematopoyesis,,Realiza la digestión y absorción de nutrientes,,Realiza la excreción de desechos,,Realiza el intercambio de gases,,Respuesta_b,
ECOEMS 2026,Biología,Biología,91,¿Cuál de las siguientes opciones es una característica de las plantas vasculares?,,,,No tienen tejidos para transportar agua y nutrientes,,No realizan la fotosíntesis,,Tienen tejidos para transportar agua y nutrientes,,No tienen raíces tallos ni hojas,,Respuesta_c,
ECOEMS 2026,Biología,Biología,92,¿Qué es la fotosíntesis?,,,,El proceso por el cual las plantas consumen oxígeno,,El proceso por el cual las plantas producen energía,,El proceso por el cual las plantas producen dióxido de carbono,,El proceso por el cual las plantas consumen glucosa,,Respuesta_b,
ECOEMS 2026,Biología,Biología,93,¿Cuál de los siguientes es un ejemplo de una planta no vascular?,,,,Roble,,Musgo,,Pino,,Girasol,,Respuesta_b,
ECOEMS 2026,Biología,Biología,94,¿Qué tipo de planta es una angiosperma?,,,,Una planta que no produce semillas,,Una planta que produce esporas,,Una planta que produce semillas dentro de un fruto,,Una planta que produce semillas desnudas,,Respuesta_c,
ECOEMS 2026,Biología,Biología,95,¿Cuál de las siguientes opciones es una característica de las plantas gimnospermas?,,,,Producen semillas desnudas,,Producen semillas dentro de un fruto,,No realizan la fotosíntesis,,No producen semillas,,Respuesta_a,
ECOEMS 2026,Biología,Biología,96,¿Cuál de las siguientes opciones es una función de las raíces de las plantas?,,,,Absorber agua y nutrientes del suelo,,Realizar la fotosíntesis,,Producir flores y frutos,,Producir semillas,,Respuesta_a,
ECOEMS 2026,Biología,Biología,97,¿Qué es la transpiración en las plantas?,,,,La absorción de dióxido de carbono por las hojas,,La pérdida de agua por las hojas,,La absorción de agua por las raíces,,La liberación de oxígeno por las hojas,,Respuesta_b,
ECOEMS 2026,Biología,Biología,98,¿Cuál de los siguientes es un ejemplo de una planta perenne?,,,,Maíz,,Girasol,,Trigo,,Pino,,Respuesta_d,
ECOEMS 2026,Biología,Biología,99,¿Qué tipo de planta es una monocotiledónea?,,,,Una planta que tiene tres cotiledones en su semilla,,Una planta que tiene un cotiledón en su semilla,,Una planta que no tiene cotiledones en su semilla,,Una planta que tiene dos cotiledones en su semilla,,Respuesta_b,
ECOEMS 2026,Biología,Biología,100,¿Cuál de las siguientes opciones es una característica de las plantas dicotiledóneas?,,,,Tienen hojas con venación reticulada,,Tienen flores con partes en múltiplos de tres,,Tienen semillas con un solo cotiledón,,Tienen hojas con venación paralela,,Respuesta_a,
ECOEMS 2026,Biología,Biología,101,¿Cuál de las siguientes opciones es una característica de los mamíferos?,,,,Tienen escamas,,Tienen plumas,,Tienen pelo o pelaje,,Tienen exoesqueleto,,Respuesta_c,
ECOEMS 2026,Biología,Biología,102,¿Qué es la metamorfosis en los animales?,,,,El proceso de respiración,,El proceso de alimentación,,El proceso de crecimiento y desarrollo,,El proceso de reproducción,,Respuesta_c,
ECOEMS 2026,Biología,Biología,103,¿Cuál de los siguientes es un ejemplo de un reptil?,,,,Águila,,Serpiente,,León,,Conejo,,Respuesta_b,
ECOEMS 2026,Biología,Biología,104,¿Qué tipo de animal es un anfibio?,,,,Un animal que vive en el aire,,Un animal que vive solo en la tierra,,Un animal que puede vivir tanto en el agua como en la tierra,,Un animal que vive solo en el agua,,Respuesta_c,
ECOEMS 2026,Biología,Biología,105,¿Cuál de las siguientes opciones es una característica de los peces?,,,,Tienen pelo,,Tienen patas,,Tienen alas,,Tienen branquias,,Respuesta_d,
ECOEMS 2026,Biología,Biología,106,¿Cuál de las siguientes opciones es una función de las plumas en las aves?,,,,Ayudan en la digestión,,Ayudan en la audición,,Ayudan en la respiración,,Ayudan en el vuelo y proporcionan aislamiento,,Respuesta_d,
ECOEMS 2026,Biología,Biología,107,¿Qué es la ecdisis en los animales?,,,,El proceso de muda de piel o exoesqueleto,,El proceso de alimentación,,El proceso de respiración,,El proceso de crecimiento y desarrollo,,Respuesta_a,
ECOEMS 2026,Biología,Biología,108,¿Cuál de los siguientes es un ejemplo de un insecto?,,,,Mariposa,,Serpiente,,León,,Águila,,Respuesta_a,
ECOEMS 2026,Biología,Biología,109,¿Qué tipo de animal es un arácnido?,,,,Un tipo de pez,,Un tipo de mamífero,,Un tipo de artrópodo,,Un tipo de ave,,Respuesta_c,
ECOEMS 2026,Biología,Biología,110,¿Cuál de las siguientes opciones es una característica de los crustáceos?,,,,Tienen alas,,Tienen pelo,,Tienen branquias,,Tienen patas,,Respuesta_d,
ECOEMS 2026,Biología,Biología,111,¿Cuál de las siguientes opciones es una característica de las bacterias?,,,,Son eucariotas,,Son procariotas,,Son multicelulares,,Tienen orgánulos envueltos en membranas,,Respuesta_b,
ECOEMS 2026,Biología,Biología,112,¿Qué es la conjugación bacteriana?,,,,Un proceso de división celular,,Un proceso de reproducción asexual,,Un proceso de transferencia de material genético,,Un proceso de reproducción sexual,,Respuesta_c,
ECOEMS 2026,Biología,Biología,113,¿Cuál de los siguientes es un ejemplo de un virus?,,,,E. coli,,S. cerevisiae,,P. aeruginosa,,Influenza,,Respuesta_d,
ECOEMS 2026,Biología,Biología,114,¿Qué tipo de organismo es un hongo?,,,,Un organismo procariota,,Un organismo eucariota,,Un organismo unicelular,,Un organismo multicelular,,Respuesta_b,
ECOEMS 2026,Biología,Biología,115,¿Cuál de las siguientes opciones es una característica de los protozoos?,,,,Son unicelulares,,Son eucariotas,,Son procariotas,,Son multicelulares,,Respuesta_a,
ECOEMS 2026,Biología,Biología,116,¿Cuál de las siguientes opciones es una función de los antibióticos?,,,,Inhibir el crecimiento de virus,,Inhibir el crecimiento de bacterias,,Inhibir el crecimiento de protozoos,,Inhibir el crecimiento de hongos,,Respuesta_b,
ECOEMS 2026,Biología,Biología,117,¿Qué es la resistencia a los antibióticos?,,,,La capacidad de un organismo para resistir los efectos de un antiviral,,La capacidad de un organismo para resistir los efectos de un antiprotozoario,,La capacidad de un organismo para resistir los efectos de un antibiótico,,La capacidad de un organismo para resistir los efectos de un antifúngico,,Respuesta_c,
ECOEMS 2026,Biología,Biología,118,¿Cuál de los siguientes es un ejemplo de una bacteria grampositiva?,,,,H. influenzae,,E. coli,,P. aeruginosa,,S. aureus,,Respuesta_d,
ECOEMS 2026,Biología,Biología,119,¿Qué tipo de organismo es un alga?,,,,Un organismo procariota,,Un organismo eucariota,,Un organismo multicelular,,Un organismo unicelular,,Respuesta_b,
ECOEMS 2026,Biología,Biología,120,¿Cuál de las siguientes opciones es una característica de los priones?,,,,Son partículas de proteínas,,Son partículas bacterianas,,Son partículas virales,,Son partículas de ADN,,Respuesta_a,
ECOEMS 2026,Biología,Biología,121,¿Cuál de las siguientes opciones es una función del sistema circulatorio?,,,,Eliminar los desechos del cuerpo,,Transportar oxígeno y nutrientes a las células,,Mantener la temperatura corporal,,Todas las anteriores,,Respuesta_d,
ECOEMS 2026,Biología,Biología,122,¿Qué es la homeostasis?,,,,La capacidad del cuerpo para adaptarse a los cambios en el entorno externo,,La capacidad del cuerpo para reparar tejidos dañados,,La capacidad del cuerpo para combatir infecciones,,La capacidad del cuerpo para mantener un estado de equilibrio interno,,Respuesta_d,
ECOEMS 2026,Biología,Biología,123,¿Cuál de los siguientes es un ejemplo de un órgano del sistema digestivo?,,,,Pulmón,,Estómago,,Corazón,,Riñón,,Respuesta_b,
ECOEMS 2026,Biología,Biología,124,¿Qué tipo de células se encuentran en el sistema nervioso?,,,,Células musculares,,Células sanguíneas,,Células epiteliales,,Neuronas,,Respuesta_d,
ECOEMS 2026,Biología,Biología,125,¿Cuál de las siguientes opciones es una característica del sistema endocrino?,,,,Regula las funciones corporales mediante la liberación de neurotransmisores,,Regula las funciones corporales mediante la liberación de enzimas,,Regula las funciones corporales mediante la liberación de hormonas,,Regula las funciones corporales mediante la liberación de anticuerpos,,Respuesta_c,
ECOEMS 2026,Biología,Biología,126,¿Cuál de las siguientes opciones es una función del sistema inmunológico?,,,,Proteger al cuerpo contra enfermedades e infecciones,,Transportar oxígeno y nutrientes a las células,,Mantener la temperatura corporal,,Eliminar los desechos del cuerpo,,Respuesta_a,
ECOEMS 2026,Biología,Biología,127,¿Qué es la sinapsis en el sistema nervioso?,,,,El proceso de transporte de oxígeno,,El proceso de digestión de alimentos,,El proceso de transmisión de señales entre las neuronas,,El proceso de división celular,,Respuesta_c,
ECOEMS 2026,Biología,Biología,128,¿Cuál de los siguientes es un ejemplo de un órgano del sistema respiratorio?,,,,Corazón,,Estómago,,Pulmón,,Riñón,,Respuesta_c,
ECOEMS 2026,Geografía,Geografía,1,¿Cuál es el río más largo de México?,,,,Río Bravo,,Río Lerma,,Río Balsas,,Río Grijalva,,Respuesta_a,
ECOEMS 2026,Geografía,Geografía,2,¿Cuál es la ubicación geográfica de México?,,,,América del Sur,,América Central,,América del Norte,,Europa,,Respuesta_c,
ECOEMS 2026,Geografía,Geografía,3,¿Cuál es la península más grande de México?,,,,Península de Baja California,,Península de Yucatán,,Península de California,,Península de Sonora,,Respuesta_b,
ECOEMS 2026,Geografía,Geografía,4,¿Cuál es la capital de México?,,,,Guadalajara,,Monterrey,,Puebla,,Ciudad de México,,Respuesta_d,
ECOEMS 2026,Geografía,Geografía,5,¿Cuál es el lago más grande de México?,,,,Lago de Chapala,,Lago de Pátzcuaro,,Lago de Cuitzeo,,Lago de Zirahuén,,Respuesta_a,
ECOEMS 2026,Geografía,Geografía,6,¿Cuál es el estado más grande de México?,,,,Chihuahua,,Sonora,,Coahuila,,Durango,,Respuesta_a,
ECOEMS 2026,Geografía,Geografía,7,¿Qué océanos bañan las costas de México?,,,,Atlántico e Índico,,Pacífico y Ártico,,Atlántico y Pacífico,,Índico y Ártico,,Respuesta_b,
ECOEMS 2026,Geografía,Geografía,8,¿Con qué países limita México al norte?,,,,Guatemala y Belice,,Estados Unidos,,Canadá,,Brasil,,Respuesta_b,
ECOEMS 2026,Geografía,Geografía,9,¿Cuál es el desierto más grande de México?,,,,Desierto de Sonora,,Desierto de Chihuahua,,Desierto de Altar,,Desierto de Mapimí,,Respuesta_a,
ECOEMS 2026,Geografía,Geografía,10,¿Cuál es la montaña más alta de México?,,,,Iztaccíhuatl,,Popocatépetl,,Pico de Orizaba,,Nevado de Toluca,,Respuesta_c,
ECOEMS 2026,Geografía,Geografía,11,¿Cuál es el estado más pequeño de México?,,,,Aguascalientes,,Colima,,Tlaxcala,,Morelos,,Respuesta_c,
ECOEMS 2026,Geografía,Geografía,12,¿Cuál es el estado más poblado de México (Excepto Ciudad de México)?,,,,Ciudad de México,,Estado de México,,Veracruz,,Jalisco,,Respuesta_b,
ECOEMS 2026,Geografía,Geografía,13,¿Cuál es el volcán más activo de México?,,,,Paricutín,,Iztaccíhuatl,,Pico de Orizaba,,Popocatépetl,,Respuesta_d,
ECOEMS 2026,Geografía,Geografía,14,¿Cuál es la ciudad más poblada de México?,,,,Puebla,,Guadalajara,,Monterrey,,Ciudad de México,,Respuesta_d,
ECOEMS 2026,Geografía,Geografía,15,¿Cuál es el río más caudaloso de México?,,,,Río Balsas,,Río Lerma,,Río Bravo,,Río Grijalva,,Respuesta_c,
ECOEMS 2026,Geografía,Geografía,16,¿Cuál es la isla más grande de México?,,,,Isla Mujeres,,Isla Ángel de la Guarda,,Isla Cozumel,,Isla Tiburón,,Respuesta_d,
ECOEMS 2026,Geografía,Geografía,17,¿Cuál es el estado más al norte de México?,,,,Baja California,,Sonora,,Chihuahua,,Coahuila,,Respuesta_a,
ECOEMS 2026,Geografía,Geografía,18,¿Cuál es el estado más al sur de México?,,,,Campeche,,Tabasco,,Chiapas,,Yucatán,,Respuesta_c,
ECOEMS 2026,Geografía,Geografía,19,¿Cuál es el estado más al oeste de México?,,,,Baja California,,Baja California Sur,,Sonora,,Sinaloa,,Respuesta_a,
ECOEMS 2026,Geografía,Geografía,20,¿Cuál es la península más al sur de México?,,,,Península de Baja California,,Península de Yucatán,,Península de California,,Península de Sonora,,Respuesta_b,
ECOEMS 2026,Geografía,Geografía,21,¿Cuál es el estado más al centro de México?,,,,Hidalgo,,Estado de México,,Aguascalientes,,Tlaxcala,,Respuesta_c,
ECOEMS 2026,Geografía,Geografía,22,¿Cuál es el estado más al sureste de México?,,,,Yucatán,,Tabasco,,Campeche,,Chiapas,,Respuesta_d,
ECOEMS 2026,Geografía,Geografía,23,¿Cuál es el estado más al noroeste de México?,,,,Baja California,,Baja California Sur,,Sonora,,Sinaloa,,Respuesta_a,
ECOEMS 2026,Geografía,Geografía,24,¿Cuál es el estado más al noreste de México?,,,,Nuevo León,,Estado de México,,Tamaulipas,,Chihuahua,,Respuesta_c,
ECOEMS 2026,Geografía,Geografía,25,¿Cuál es el estado más al suroeste de México?,,,,Colima,,Oaxaca,,Guerrero,,Michoacán,,Respuesta_b,
ECOEMS 2026,Geografía,Geografía,26,¿Cuál es el estado más al centro-norte de México?,,,,Zacatecas,,San Luis Potosí,,Aguascalientes,,Durango,,Respuesta_a,
ECOEMS 2026,Geografía,Geografía,27,¿Cuáles son los continentes del mundo?,,,,"América, Europa, Asia, África y Oceania",,"América, Europa, Asia y África",,"América del Norte, América del Sur, Europa",,"América del Norte, América Central, Asia",,Respuesta_a,
ECOEMS 2026,Geografía,Geografía,28,¿Cuál es el continente más extenso?,,,,Antártida,,América,,África,,Asia,,Respuesta_d,
ECOEMS 2026,Geografía,Geografía,29,¿Cuál es el continente más poblado?,,,,América,,Asia,,Europa,,África,,Respuesta_b,
ECOEMS 2026,Geografía,Geografía,30,¿Cuál es el océano más grande del mundo?,,,,Atlántico,,Índico,,Pacífico,,Antártico,,Respuesta_c,
ECOEMS 2026,Geografía,Geografía,31,¿Cuál es el país más grande del mundo?,,,,Canadá,,China,,Estados Unidos,,Rusia,,Respuesta_d,
ECOEMS 2026,Geografía,Geografía,32,¿Cuál es el país más poblado del mundo?,,,,Pakistan,,Japón,,India,,China,,Respuesta_d,
ECOEMS 2026,Geografía,Geografía,33,¿Cuál es la montaña más alta del mundo?,,,,K2,,Monte Everest,,Kangchenjunga,,Lhotse,,Respuesta_b,
ECOEMS 2026,Geografía,Geografía,34,¿Cuál es el río más largo del mundo?,,,,Río Nilo,,Río Amazonas,,Río Yangtsé,,Río Misisipi,,Respuesta_a,
ECOEMS 2026,Geografía,Geografía,35,¿Cuál es el desierto más grande del mundo?,,,,Desierto de los Leones,,Desierto de Gobi,,Desierto de Kalahari,,Desierto del Sahara,,Respuesta_d,
ECOEMS 2026,Geografía,Geografía,36,¿Cuál es la isla más grande del mundo?,,,,Groenlandia,,Nueva Guinea,,Borneo,,Madagascar,,Respuesta_a,
ECOEMS 2026,Geografía,Geografía,37,¿Cuál es el volcán más activo del mundo?,,,,Monte Vesubio,,Monte Etna,,Kilauea,,Monte Santa Helena,,Respuesta_c,
ECOEMS 2026,Geografía,Geografía,38,¿Cuál es la ciudad más poblada del mundo?,,,,Londres,,Nueva Delhi,,Shanghái,,São Paulo,,Respuesta_b,
ECOEMS 2026,Geografía,Geografía,39,¿Cuál es el parque nacional más grande del mundo?,,,,Parque Nacional Yellowstone,,Parque Nacional Banff,,Parque Nacional Kruger,,Parque Nacional Noreste de Groenlandia,,Respuesta_a,
ECOEMS 2026,Geografía,Geografía,40,¿Cuál es el río más caudaloso del mundo?,,,,Río Nilo,,Río Amazonas,,Río Yangtsé,,Río Misisipi,,Respuesta_b,
ECOEMS 2026,Geografía,Geografía,41,¿Cuál es la península más grande del mundo?,,,,Península Canadiense,,Península Ibérica,,Península de Kamchatka,,Península de Malaca,,Respuesta_a,
ECOEMS 2026,Geografía,Geografía,42,¿Cuál es el país más al norte del mundo?,,,,Canadá,,Rusia,,Noruega,,Dinamarca,,Respuesta_b,
ECOEMS 2026,Geografía,Geografía,43,¿Cuál es el país más al sur del mundo?,,,,Argentina,,Chile,,Nueva Zelanda,,Australia,,Respuesta_a,
ECOEMS 2026,Geografía,Geografía,44,¿Cuál es el país más al este del mundo?,,,,Nueva Zelanda,,Australia,,Japón,,Rusia,,Respuesta_d,
ECOEMS 2026,Geografía,Geografía,45,¿Cuál es el país más al oeste del mundo?,,,,Rusia,,Nueva Zelanda,,Australia,,EE.UU,,Respuesta_d,
ECOEMS 2026,Geografía,Geografía,46,¿Cuál es el país más al centro del mundo?,,,,Ecuador,,Colombia,,Brasil,,Perú,,Respuesta_a,
ECOEMS 2026,Geografía,Geografía,47,¿Cuál es el país más al noreste del mundo?,,,,Suecia,,Rusia,,Noruega,,Finlandia,,Respuesta_b,
ECOEMS 2026,Geografía,Geografía,48,¿Cuál es la capa más alta de la Tierra?,,,,Núcleo,,Manto,,Corteza,,Atmósfera,,Respuesta_d,
ECOEMS 2026,Geografía,Geografía,49,¿Qué es un continente?,,,,Una gran masa de tierra rodeada de agua,,Una gran masa de agua rodeada de tierra,,Una gran masa de tierra y agua,,Una gran masa de agua y aire,,Respuesta_a,
ECOEMS 2026,Geografía,Geografía,50,¿Cuál es el océano más pequeño del mundo?,,,,Atlántico,,Índico,,Ártico,,Antártico,,Respuesta_c,
ECOEMS 2026,Geografía,Geografía,51,¿Qué es un archipiélago?,,,,Un grupo de montañas,,Un grupo de ríos,,Un grupo de islas,,Un grupo de lagos,,Respuesta_c,
ECOEMS 2026,Geografía,Geografía,52,¿Qué es una península?,,,,Una extensión de tierra rodeada de agua por tres lados,,Una extensión de tierra rodeada de agua por dos lados,,Una extensión de tierra rodeada de agua por un lado,,Una extensión de tierra rodeada de agua por cuatro lados,,Respuesta_a,
ECOEMS 2026,Geografía,Geografía,53,¿Qué es una cordillera?,,,,Un conjunto de volcanes activos,,Un conjunto de valles alineados,,Un conjunto de ríos alineados,,Un conjunto de montañas alineadas,,Respuesta_d,
ECOEMS 2026,Geografía,Geografía,54,¿Qué es un istmo?,,,,Una franja estrecha de tierra que une dos masas continentales mayores,,Una franja estrecha de agua que une dos masas continentales mayores,,Una franja estrecha de aire que une dos masas continentales mayores,,Una franja estrecha de tierra que separa dos masas continentales mayores,,Respuesta_a,
ECOEMS 2026,Geografía,Geografía,55,¿Qué es un acantilado?,,,,Una pendiente abrupta y alta junto al mar o a un río,,Una pendiente suave y baja junto al mar o a un río,,Una pendiente abrupta y baja junto al mar o a un río,,Una pendiente suave y alta junto al mar o a un río,,Respuesta_a,
ECOEMS 2026,Geografía,Geografía,56,¿Qué es una meseta?,,,,Una extensión de tierra baja y elevada,,Una extensión de tierra plana y baja,,Una extensión de tierra inclinada y elevada,,Una extensión de tierra plana y alta,,Respuesta_d,
ECOEMS 2026,Geografía,Geografía,57,¿Qué es una cuenca hidrográfica?,,,,El área de tierra donde el agua de lluvia drena hacia un río o lago específico,,El área de tierra donde el agua de lluvia no drena hacia un río o lago específico,,El área de agua donde el agua de lluvia drena hacia un río o lago específico,,El área de aire donde el agua de lluvia drena hacia un río o lago específico,,Respuesta_a,
ECOEMS 2026,Geografía,Geografía,58,¿Qué es una depresión?,,,,Una zona más baja que las áreas circundantes,,Una zona más alta que las áreas circundantes,,Una zona igual que las áreas circundantes,,Una zona más baja que las áreas lejanas,,Respuesta_a,
ECOEMS 2026,Geografía,Geografía,59,¿Qué es una falla geológica?,,,,Una fractura en la corteza terrestre donde no ha habido movimiento,,Una fractura en la corteza terrestre donde ha habido movimiento,,Una fractura en la atmósfera terrestre donde ha habido movimiento,,Una fractura en la atmósfera terrestre donde no ha habido movimiento,,Respuesta_b,
ECOEMS 2026,Geografía,Geografía,60,¿Qué es una fosa oceánica?,,,,Un valle no profundo en el fondo del océano,,Un valle profundo en la superficie del océano,,Un valle poco profundo en el fondo del océano,,Un valle poco profundo en la superficie del océano,,Respuesta_b,
ECOEMS 2026,Geografía,Geografía,61,¿Qué es una duna?,,,,Un montículo de arena formado por el agua,,Un montículo de arena formado por el fuego,,Un montículo de arena formado por el aire,,Un montículo de arena formado por la tierra,,Respuesta_c,
ECOEMS 2026,Geografía,Geografía,62,¿Qué es una bahía?,,,,Una entrada del mar en la costa que forma una concavidad.,,Una entrada del mar en la costa que forma una convexidad.,,Una entrada del aire en la costa que forma una concavidad.,,Una entrada del aire en la costa que forma una convexidad.,,Respuesta_a,
ECOEMS 2026,Geografía,Geografía,63,¿Qué es un volcán?,,,,"Una abertura en la superficie terrestre por donde entra aire, ceniza y gases",,"Una abertura en la superficie terrestre por donde sale magma, ceniza y gases",,"Una abertura en la superficie terrestre por donde sale agua, ceniza y gases",,"Una abertura en la superficie terrestre por donde entra agua, ceniza y gases",,Respuesta_b,
ECOEMS 2026,Geografía,Geografía,64,¿Qué es una laguna costera?,,,,Un cuerpo de agua salada separado del mar por una franja de tierra,,Un cuerpo de agua dulce separado del mar por una franja de tierra,,Un cuerpo de agua separado del aire por una franja de tierra,,Un cuerpo de agua separado del aire por una franja de mar,,Respuesta_b,
ECOEMS 2026,Geografía,Geografía,65,¿Qué es un cañón?,,,,"Un valle poco profundo con paredes empinadas, creado por la erosión del agua o del viento",,"Un valle profundo con paredes suaves, creado por la erosión del agua o del viento",,"Un valle poco profundo con paredes suaves, creado por la erosión del agua o del viento",,"Un valle profundo con paredes empinadas, creado por la erosión del agua o del viento",,Respuesta_d,
ECOEMS 2026,Geografía,Geografía,66,¿Qué es un oasis?,,,,Un área infértil en un desierto donde no hay agua ni vegetación,,Un área fértil en un desierto donde hay agua y vegetación,,Un área fértil en una selva donde hay agua y vegetación,,Un área fértil en una selva donde no hay agua ni vegetación,,Respuesta_b,
ECOEMS 2026,Geografía,Geografía,67,¿Qué es un valle?,,,,Una elevación alargada entre montañas o colinas,,Una depresión alargada entre ríos o lagos,,Una depresión alargada entre montañas o colinas,,Una elevación alargada entre ríos o lagos,,Respuesta_c,
ECOEMS 2026,Geografía,Geografía,68,¿Qué es un golfo?,,,,Una gran entrada del mar en la costa que forma una concavidad.,,Una gran entrada del mar en la costa que forma una convexidad.,,Una gran entrada de océano en un contiene formando una concavidad.,,Una gran entrada del aire en la costa que forma una convexidad.,,Respuesta_c,
ECOEMS 2026,Geografía,Geografía,69,¿Qué es un lago?,,,,Un cuerpo de agua salada rodeado de tierra,,Un cuerpo de tierra rodeado de agua,,Un cuerpo de aire rodeado de tierra,,Un cuerpo de agua dulce rodeado de tierra,,Respuesta_d,
ECOEMS 2026,Geografía,Geografía,70,¿Qué es un río?,,,,"Un curso natural de agua que fluye hacia el mar, un lago u otro río",,Un curso natural de agua que fluye hacia la montaña o la colina,,"Un curso natural de tierra que fluye hacia el mar, un lago u otro río",,Un curso natural de tierra que fluye hacia la montaña o la colina,,Respuesta_a,
ECOEMS 2026,Geografía,Geografía,71,¿Qué es una isla?,,,,Una extensión de tierra rodeada de agua salada,,Una extensión de agua salada rodeada de tierra,,Una extensión de aire contaminado rodeada de tierra,,Una extensión de tierra rodeada de aire,,Respuesta_a,
ECOEMS 2026,Geografía,Geografía,72,¿Qué es un mar?,,,,Un cuerpo de agua dulce conectado con el océano,,Un cuerpo de agua salada conectado con el océano,,Un cuerpo de agua salada no conectado con el océano,,Un cuerpo de agua dulce no conectado con el océano,,Respuesta_c,
ECOEMS 2026,Geografía,Geografía,73,¿Qué es una montaña?,,,,Una elevación natural del terreno con una cima definida y una altura considerable,,Una depresión natural del terreno con una cima definida y una altura considerable,,Una elevación natural del terreno con una base definida y una altura considerable,,Una depresión natural del terreno con una base definida y una altura considerable,,Respuesta_a,
ECOEMS 2026,Geografía,Geografía,74,¿Qué es un océano?,,,,Un cuerpo enorme de agua salada que cubre la mayor parte de la superficie terrestre,,Un cuerpo enorme de agua dulce que cubre la mayor parte de la superficie terrestre,,Un cuerpo enorme de tierra que cubre la mayor parte de la superficie terrestre,,Un cuerpo enorme de aire que cubre la mayor parte de la superficie terrestre,,Respuesta_a,
ECOEMS 2026,Geografía,Geografía,75,¿Qué es un pantano?,,,,Un área húmeda y pantanosa donde crecen plantas acuáticas,,Un área seca y arenosa donde crecen plantas acuáticas,,Un área húmeda y pantanosa donde no crecen plantas acuáticas,,Un área seca y arenosa donde no crecen plantas acuáticas,,Respuesta_a,
ECOEMS 2026,Geografía,Geografía,76,¿Qué es una planicie?,,,,Una extensión grande y alta de mar,,Una extensión grande y plana de tierra,,Una extensión grande e inclinada de tierra,,Una extensión grande y plana de tierra,,Respuesta_b,
ECOEMS 2026,Geografía,Geografía,77,¿Qué es un estrecho?,,,,Un canal de tierra que conecta dos cuerpos de agua más grandes,,Un canal de aire que conecta dos cuerpos de agua más grandes,,Un canal de fuego que conecta dos cuerpos de agua más grandes,,Un canal de agua que conecta dos cuerpos de agua más grandes,,Respuesta_d,
ECOEMS 2026,Geografía,Geografía,78,¿Qué es una tundra?,,,,Un bioma frío y seco con vegetación alta y permafrost,,Un bioma cálido y húmedo con vegetación alta y permafrost,,Un bioma frío y húmedo con vegetación baja y permafrost,,Un bioma cálido y seco con vegetación alta y permafrost,,Respuesta_a,
ECOEMS 2026,Geografía,Geografía,79,¿Qué es un valle glaciar?,,,,Un monte en forma de U creado por la erosión de un glaciar,,Un valle en forma de V creado por la erosión de un glaciar,,Un valle en forma de U creado por la erosión de un río,,Un valle en forma de V creado por la erosión de un río,,Respuesta_b,
ECOEMS 2026,Geografía,Geografía,80,¿Qué es una zona climática?,,,,Una región del planeta con características climáticas similares,,Una región del planeta con características geográficas similares,,Una región del planeta con características políticas similares,,Una región del planeta con características económicas similares,,Respuesta_b,
ECOEMS 2026,Geografía,Geografía,81,¿Qué es una zona de subducción?,,,,Una región donde una placa tectónica se desliza debajo de otra,,Una región donde una placa tectónica se desliza encima de otra,,Una región donde una placa tectónica se desliza al lado de otra,,Una región donde una placa tectónica se separa de otra,,Respuesta_a,
ECOEMS 2026,Geografía,Geografía,82,¿Qué es un acuífero?,,,,Una capa subterránea de roca o sedimento que no contiene agua,,Una capa subterránea de roca o sedimento que contiene agua,,Una capa subterránea de aire o gas que contiene agua,,Una capa subterránea de aire o gas que no contiene agua,,Respuesta_b,
ECOEMS 2026,Geografía,Geografía,83,¿Qué es un arrecife de coral?,,,,Una estructura submarina formada por el crecimiento y depósito de algas y otros organismos marinos,,Una estructura submarina formada por el crecimiento y depósito de algas y otros organismo marinos,,Una estructura submarina formada por el crecimiento y depósito de peces y otros organismos marinos,,Una estructura terrestre formada por el crecimiento y depósito de coral y otros organismos marinos,,Respuesta_a,
ECOEMS 2026,Geografía,Geografía,84,¿Qué es un bosque lluvioso?,,,,Un bioma cálido y húmedo con baja precipitación y vegetación densa,,Un bioma frío y seco con baja precipitación y vegetación escasa,,Un bioma cálido y seco con baja precipitación y vegetación densa,,Un bioma frío y húmedo con alta precipitación y vegetación escasa,,Respuesta_d,
ECOEMS 2026,Geografía,Geografía,85,¿Qué es un desierto?,,,,Un bioma árido con baja precipitación y vegetación densa,,Un bioma húmedo con alta precipitación y vegetación densa,,Un bioma árido con alta precipitación y vegetación escasa,,Un bioma húmedo con baja precipitación y vegetación densa,,Respuesta_a,
ECOEMS 2026,Geografía,Geografía,86,¿Cuál es la capital del estado de México?,,,,Nezahualcóyotl,,Ecatepec,,Naucalpan,,Toluca,,Respuesta_d,
ECOEMS 2026,Geografía,Geografía,87,¿Cuál es la capital del estado de Ciudad de México?,,,,Ciudad de México,,Iztapalapa,,Gustavo A. Madero,,Álvaro Obregón,,Respuesta_a,
ECOEMS 2026,Geografía,Geografía,88,¿Cuál es la capital del estado de Tabasco?,,,,Tabasco,,Cárdenas,,Comalcalco,,Villahermosa,,Respuesta_d,
ECOEMS 2026,Geografía,Geografía,89,¿Cuál es la capital del estado de Campeche?,,,,Calkiní,,Ciudad del Carmen,,Campeche,,Champotón,,Respuesta_c,
ECOEMS 2026,Geografía,Geografía,90,¿Cuál es la capital del estado de Quintana Roo?,,,,Cancún,,Chetumal,,Playa del Carmen,,Cozumel,,Respuesta_b,
ECOEMS 2026,Geografía,Geografía,91,¿Cuál es la capital del estado de Baja California Sur?,,,,Loreto,,Cabo San Lucas,,San José del Cabo,,La Paz,,Respuesta_d,
ECOEMS 2026,Geografía,Geografía,92,¿Cuál es la capital del estado de Sonora?,,,,Nogales,,Ciudad Obregón,,Hermosillo,,San Luis Río Colorado,,Respuesta_c,
ECOEMS 2026,Geografía,Geografía,93,¿Cuál es la capital del estado de Sinaloa?,,,,Los Mochis,,Mazatlán,,Culiacán,,Guasave,,Respuesta_c,
ECOEMS 2026,Geografía,Geografía,94,¿Cuál es la capital del estado de Coahuila?,,,,Piedras Negras,,Torreón,,Saltillo,,Coahuila,,Respuesta_c,
ECOEMS 2026,Geografía,Geografía,95,¿Cuál es la capital del estado de Tamaulipas?,,,,Ciudad Victoria,,Reynosa,,Matamoros,,Nuevo Laredo,,Respuesta_a,
ECOEMS 2026,Geografía,Geografía,96,¿Cuál es la capital del estado de Baja California?,,,,Tijuana,,Mexicali,,Ensenada,,Tecate,,Respuesta_b,
ECOEMS 2026,Geografía,Geografía,97,¿Cuál es la capital del estado de Zacatecas?,,,,Río Grande,,Fresnillo,,Guadalupe,,Zacatecas,,Respuesta_d,
ECOEMS 2026,Geografía,Geografía,98,¿Cuál es la capital del estado de San Luis Potosí?,,,,Matehuala,,Ciudad Valles,,San Luis Potosí,,Rioverde,,Respuesta_c,
ECOEMS 2026,Geografía,Geografía,99,¿Cuál es la capital del estado de Durango?,,,,El Salto,,Gómez Palacio,,Ciudad Lerdo,,Durango,,Respuesta_d,
ECOEMS 2026,Geografía,Geografía,100,¿Cuál es la capital del estado de Nayarit?,,,,San Blas,,Puerto Vallarta,,Tepic,,Compostela,,Respuesta_c,
ECOEMS 2026,Geografía,Geografía,101,¿Cuál es la capital del estado de Colima?,,,,Armería,,Manzanillo,,Colima,,Villa de Álvarez,,Respuesta_c,
ECOEMS 2026,Geografía,Geografía,102,¿Cuál es la capital del estado de Aguascalientes?,,,,Calvillo,,Jesús María,,Aguascalientes,,Rincón de Romos,,Respuesta_c,
ECOEMS 2026,Geografía,Geografía,103,¿Cuál es la capital del estado de Hidalgo?,,,,Tulancingo,,Pachuca,,Tula de Allende,,Huejutla de Reyes,,Respuesta_b,
ECOEMS 2026,Geografía,Geografía,104,¿Cuál es la capital del estado de Tlaxcala?,,,,Tlaxcala,,Apizaco,,Huamantla,,Zacatelco,,Respuesta_a,
ECOEMS 2026,Geografía,Geografía,105,¿Cuál es la capital del estado de Morelos?,,,,Cuautla,,Cuernavaca,,Jiutepec,,Temixco,,Respuesta_b,
ECOEMS 2026,Geografía,Geografía,106,¿Cuál es la capital del estado de Michoacán?,,,,Lázaro Cárdenas,,Uruapan,,Zamora,,Morelia,,Respuesta_d,
ECOEMS 2026,Geografía,Geografía,107,¿Cuál es la capital del estado de Guanajuato?,,,,Guanajuato,,León,,Irapuato,,Celaya,,Respuesta_a,
ECOEMS 2026,Geografía,Geografía,108,¿Cuál es la capital del estado de Querétaro?,,,,Tequisquiapan,,San Juan del Río,,Querétaro,,Jalpan de Serra,,Respuesta_c,
ECOEMS 2026,Geografía,Geografía,109,¿Cuál es la capital del estado de Chiapas?,,,,Tuxtla Gutiérrez,,San Cristóbal de las Casas,,Tapachula,,Comitán,,Respuesta_a,
ECOEMS 2026,Geografía,Geografía,110,¿Cuál es la capital del estado de Oaxaca?,,,,Oaxaca,,Puerto Escondido,,Huatulco,,Juchitán,,Respuesta_a,
ECOEMS 2026,Geografía,Geografía,111,¿Cuál es la capital del estado de Guerrero?,,,,Acapulco,,Chilpancingo,,Taxco,,Zihuatanejo,,Respuesta_b,
ECOEMS 2026,Geografía,Geografía,112,¿Cuál es la capital del estado de Nuevo León?,,,,Reynosa,,Saltillo,,Monterrey,,Matamoros,,Respuesta_c,
ECOEMS 2026,Geografía,Geografía,113,¿Cuál es la capital del estado de Veracruz?,,,,Veracruz,,Xalapa,,Coatzacoalcos,,Poza Rica,,Respuesta_b,
ECOEMS 2026,Geografía,Geografía,114,¿Cuál es la capital del estado de Puebla?,,,,Cholula,,Tlaxcala,,Puebla,,Atlixco,,Respuesta_c,
ECOEMS 2026,Geografía,Geografía,115,¿Cuál es la capital del estado de Chihuahua?,,,,Chihuahua,,Tijuana,,Monterrey,,Hermosillo,,Respuesta_a,
ECOEMS 2026,Geografía,Geografía,116,¿Cuál es la capital del estado de Yucatán?,,,,Cancún,,Mérida,,Campeche,,Villahermosa,,Respuesta_b,
ECOEMS 2026,Geografía,Geografía,117,¿Cuál es la capital del estado de Jalisco?,,,,Puerto Vallarta,,San Juan De Los Lagos,,Guadalajara,,Zapopan,,Respuesta_c,
ECOEMS 2026,Geografía,Geografía,118,¿Cuál es la capital del estado de Querétaro?,,,,Tequisquiapan,,San Juan del Río,,Querétaro,,Jalpan de Serra,,Respuesta_c,
ECOEMS 2026,Geografía,Geografía,119,¿Cuál es la capital de Francia?,,,,Niza,,Marsella,,Lyon,,París,,Respuesta_d,
ECOEMS 2026,Geografía,Geografía,120,¿Cuál es la capital de Italia?,,,,Turín,,Milán,,Nápoles,,Roma,,Respuesta_d,
ECOEMS 2026,Geografía,Geografía,121,¿Cuál es la capital de España?,,,,Sevilla,,Barcelona,,Valencia,,Madrid,,Respuesta_d,
ECOEMS 2026,Geografía,Geografía,122,¿Cuál es la capital de Alemania?,,,,Múnich,,Hamburgo,,Berlín,,Colonia,,Respuesta_c,
ECOEMS 2026,Geografía,Geografía,123,¿Cuál es la capital de Reino Unido?,,,,Manchester,,Birmingham,,Londres,,Leeds,,Respuesta_c,
ECOEMS 2026,Geografía,Geografía,124,¿Cuál es la capital de Portugal?,,,,Lisboa,,Oporto,,Braga,,Coímbra,,Respuesta_a,
ECOEMS 2026,Geografía,Geografía,125,¿Cuál es la capital de Rusia?,,,,San Petersburgo,,Moscú,,Novosibirsk,,Ekaterimburgo,,Respuesta_b,
ECOEMS 2026,Geografía,Geografía,126,¿Cuál es la capital de Ucrania?,,,,Chernobyl,,Járkov,,Kiev,,Dnipro,,Respuesta_c,
ECOEMS 2026,Geografía,Geografía,127,¿Cuál es la capital de Bielorrusia?,,,,Grodno,,Minsk,,Moguiliov,,Vitebsk,,Respuesta_b,
ECOEMS 2026,Geografía,Geografía,128,¿Cuál es la capital de Islandia?,,,,Garðabæ,,Reykavik,,Hafnarfjörður,,Akureyri,,Respuesta_b,
ECOEMS 2026,Formación Cívica y Ética,Formación Cívica y Ética,1,¿Cuál de las siguientes situaciones presenta un asunto privado que repercute en el bienestar colectivo?,,,,"Francisco tuvo un problema de salud que le impidió ir a clases, pero se comunicó con sus compañeros via internet para preparar la presentación del tema de equipo",,Laura ha organizado sus actividades escolares y familiares para poder invertir semanalmente dos tardes en aprender a tocar la guitarra,,"Kevin es un excelente estudiante, su equipo favorito de fútbol americano se clasificó para las finales, y el de fútbol soccer por fín ganó la copa nacional",,"Bryan acordó con su novia que únicamente se verían los sábados por la tarde, pues deben dedicar más tiempo a estudiar porque ambos desean tener un buen desempeño escolar",,Respuesta_a,
ECOEMS 2026,Formación Cívica y Ética,Formación Cívica y Ética,2,"Las siguientes situaciones están relacionadas con un aspecto educativo. ¿Cuál de ellas debe ser considerada un asunto de interés público?",,,,"Alejandra estudiará una licenciatura en negocios internacionales porque planea montar su propia empresa relacionada con productos agrícolas de su comunidad.",,"Jorge vive en situación de calle, trabaja como limpiaparabrisas y no acude a la escuela porque dice que prefiere comer a estudiar.",,"Karla, quien estudió una carrera técnica en preparación de alimentos, montó un pequeño restaurante donde trabajan varios de sus compañeros de la secundaria.",,"Una empresa solicita personal para el manejo de máquinas de coser, ésta es una oportunidad para quienes cursaron las tecnologías de confección de vestuario y reparación de máquinas.",,Respuesta_a,
ECOEMS 2026,Formación Cívica y Ética,Formación Cívica y Ética,3,"Los representantes de la comunidad solicitaron ante la autoridad municipal y la compañía de energía eléctrica, la instalación de alumbrado público para fortalecer la seguridad de los habitantes. Mientras esperan que se atienda su solicitud, se han hecho varias propuestas. ¿Cuál de ellas refleja una toma de decisiones colectiva para atender la necesidad social que se describe?",,,,"Cada familia deberá adquirir lámparas de mano para utilizarlas cuando tengan necesidad de salir por la noche.",,"Colocar en la puerta de cada casa un foco ahorrador de energía y mantenerlo encendido durante las horas de mayor oscuridad.",,"Por las noches, salir siempre acompañados por lo menos de una persona adulta y avisar a dónde se dirigen y a qué hora regresarán.",,"Organizar comités de vigilancia para hacer recorridos nocturnos y verificar que todo está en orden.",,Respuesta_d,
ECOEMS 2026,Formación Cívica y Ética,Formación Cívica y Ética,4,¿Cuál de las siguientes acciones favorece el bienestar social de las personas al mismo tiempo que atiende la equidad de género?,,,,"Se organizó un recorrido cultural por importantes zonas arqueológicas del país para estudiantes de secundaria que han mantenido un promedio igual o mayor que ocho.",,"Se obsequiaron bicicletas a estudiantes de comunidades que carecen de servicio de transporte e invierten más de 30 minutos de traslado a pie de su casa a la escuela.",,"Se otorgó una ayuda económica a las familias indígenas que se comprometen a que sus hijas acudan a la escuela en lugar de enviarlas a trabajar fuera de su comunidad.",,"Se hizo un convenio con las escuelas de educación media, cercanas a la secundaria, para que den a conocer las ventajas de estudiar en ese nivel educativo.",,Respuesta_c,
ECOEMS 2026,Formación Cívica y Ética,Formación Cívica y Ética,5,"¿Cuál de estas situaciones es un ejemplo de toma de decisiones en la que se valoran alternativas, ventajas, desventajas posibilidades y riesgos?",,,,"Roberto, quien había ahorrado para comprar un obsequio, utilizará su dinero para comprar el tubo de ensayo que rompió al estar jugando en la clase de laboratorio de Química.",,"María no pudo terminar de ver una película que le encanta porque sus compañeros de equipo la esperan para ir a la biblioteca.",,"Andrés gastó sus ahorros para comprarse una playera, el estilo no le agrada del todo, pero es la que está de moda.",,"Alejandra desea continuar sus estudios de educación media, por ello hizo una lista en orden de preferencia con los datos de las escuelas que le interesan.",,Respuesta_d,
ECOEMS 2026,Formación Cívica y Ética,Formación Cívica y Ética,6,¿Qué proyecto es conveniente impulsar para contribuir con equidad a la mejora del entorno social de una comunidad?,,,,"La pavimentación de la avenida principal para dar una buena imagen a los visitantes, más adelante se puede continuar con las demás calles.",,"La construcción de un centro deportivo y cultural con áreas verdes para promover la convivencia familiar y vecinal.",,"La compra de una nueva bomba de agua que permita abastecer con mayor eficiencia a los vecinos que pagan puntualmente este servicio.",,"La puesta en marcha de un programa de descuento de multas y recargos para aquellos que no han pagado sus impuestos oportunamente.",,Respuesta_b,
ECOEMS 2026,Formación Cívica y Ética,Formación Cívica y Ética,7,¿Cuál de las siguientes situaciones evidencia un uso ilegal de sustancias adictivas?,,,,"Para mitigar temporalmente los dolores que le provoca el cáncer, la enfermera debe administrar cada vez una dosis mayor de morfina al paciente que lleva varios días hospitalizado.",,"Para el festejo de la empresa se acordó servir, a quien lo desee, sólo dos copas con bebida embriagante, pero uno de los empleados convenció a sus amigos para que le cedan sus bebidas.",,"Con la finalidad de ayudar a su papá para que disminuya la cantidad de tabaco que consume, le deja cerca de la cajetilla de cigarros imágenes de partes del cuerpo dañadas por el cigarrillo.",,"Un adulto hizo amistad con un adolescente; en un principio le regaló una sustancia que al consumirla le provocaba entusiasmo, ahora se la vende a un alto costo y lo amenaza.",,Respuesta_d,
ECOEMS 2026,Formación Cívica y Ética,Formación Cívica y Ética,8,"Son acciones en favor de la salud reproductiva de los adolescentes, excepto:",,,,"Indicar que quienes no hayan cumplido la mayoría de edad deben acudir en compañía de una persona adulta para poder brindarles información sobre métodos anticonceptivos.",,"Facilitar orientación y acceso gratuito o a bajo costo para la adquisición de métodos anticonceptivos, tanto en consultorios o clínicas de salud pública como en farmacias.",,"Brindar información en materia de sexualidad confiable, actualizada y en instituciones públicas y privadas, tanto educativas como de salud.",,"Informar acerca de sus derechos y de los métodos que están a su alcance para cuidar su bienestar en todas las dimensiones de su actividad sexual.",,Respuesta_a,
ECOEMS 2026,Formación Cívica y Ética,Formación Cívica y Ética,9,"Mariana tiene 17 años y es mamá, aunque no estaba en sus planes: ""Fue una experiencia bastante dura tener una hija a los 15 años sin saber nada"", recuerda. Y, en verdad las cosas no fueron fáciles para ella. ""Durante el embarazo tuve un techo y tenía para alimentarme, pero después, cuando nació mi hija, a veces no tenía [dinero] para los pañales o para la leche y algunas veces tuve que elegir: comía mi hija y yo no""... Por lo que se narra en el texto se infiere que la razón por la que Mariana fue madre a los 15 años es que:",,,,"Amaba a su pareja y juntos planearon ser madre y padre.",,"Pensó que ser madre joven le permitiría disfrutar de su hijo o hija como amiga.",,"No contó con la orientación para prevenir un embarazo ni consideró sus planes futuros.",,"Confiaba en el apoyo que le brindaría su familia para ayudarla a criar y educar a su hija.",,Respuesta_c,
ECOEMS 2026,Formación Cívica y Ética,Formación Cívica y Ética,10,¿En cuál de los siguientes casos se actúa asertivamente y se fortalece la autoestima?,,,,"Aunque Rocío y Andrea tienen gustos e intereses diferentes, piensan que tener un novio guapísimo les dará mayor prestigio entre sus amigas.",,"Javier y Verónica están convencidos de que antes que se genere un problema deben aclarar los malos entendidos y acordar nuevas reglas de convivencia.",,"Cuando Elena le ha dicho a su pareja que prefiere terminar la relación recibe empujones, pero después la trata cariñosamente.",,"Para no tener problemas, José prefiere no comentar con su pareja que no le agrada ver ese tipo de películas ni pasarse tanto tiempo frente a los videojuegos.",,Respuesta_b,
ECOEMS 2026,Formación Cívica y Ética,Formación Cívica y Ética,11,"Rocío cursa el tercer año de secundaria, y para cuando sea adulta planea trabajar en el diseño de robots. En la actualidad, la situación económica de su familia es precaria, por lotanto piensa conseguir un empleo que le permita trabajar al mismo tiempo que estudia la educación media. Sabe que como adolescente debe contar con la autorización de sus padres, y que los posibles empleadores le tendrían que asignar un horario diurno. En fin, todavía tiene tiempo para seguir pensando, es más, sus amigos le dicen que está exagerando, que la vida hay que vivirla dia con dia... En este relato, Rocío da muestra de su conocimiento y valoración de:",,,,Capacidades,,Potencialidades,,Aspiraciones,,Decisiones,,Respuesta_d,
ECOEMS 2026,Formación Cívica y Ética,Formación Cívica y Ética,12,"Rocío cursa el tercer año de secundaria, y para cuando sea adulta planea trabajar en el diseño de robots. En la actualidad, la situación económica de su familia es precaria, por lotanto piensa conseguir un empleo que le permita trabajar al mismo tiempo que estudia la educación media. Sabe que como adolescente debe contar con la autorización de sus padres, y que los posibles empleadores le tendrían que asignar un horario diurno. En fin, todavía tiene tiempo para seguir pensando, es más, sus amigos le dicen que está exagerando, que la vida hay que vivirla dia con dia... Rocío tiene la posibilidad de concretar las metas que ha previsto porque:",,,,Prevé alternativas para enfrentar dificultades.,,Ha elegido una carrera que le permitirá tener un buen empleo.,,Está dispuesta a trabajar para ayudar en los gastos familiares.,,Sabe organizar su tiempo para hacer tareas y trabajar.,,Respuesta_a,
ECOEMS 2026,Formación Cívica y Ética,Formación Cívica y Ética,13,¿Cuál de las siguientes acciones muestra un estilo de vida sano más integral?,,,,Consumir alimentos tres veces al día e incluir pequeños refrigerios de fruta.,,"Realizar actividades al aire libre, preferentemente por las mañanas o tardes.",,"Compartir con la familia y las amistades actividades de lectura y recreación.",,"Cuidar la alimentación y realizar actividades físicas, recreativas y de descanso.",,Respuesta_d,
ECOEMS 2026,Formación Cívica y Ética,Formación Cívica y Ética,14,¿Cuál de las siguientes situaciones muestra una decisión informada y apegada a principios éticos?,,,,"Lupita convenció a su mamá para que le autorice cortarse el cabello y teñirlo en un tono más claro que el natural.",,"El diseño de los uniformes se hizo tomando en cuenta los gustos del equipo de basquetbol, además se cuidó que resultara fresco y cómodo.",,"Jorge no asistió a clases por estar enfermo. Sus compañeros de equipo lo visitan por las tardes para explicarle lo que han visto en clases.",,"María aprovecha la oferta: en la compra de una bolsa de frituras obsequian una bebida edulcorada y un recipiente decorado para contener alimentos.",,Respuesta_b,
ECOEMS 2026,Formación Cívica y Ética,Formación Cívica y Ética,15,¿En cuál de las siguientes situaciones se aprecia una actitud de responsabilidad personal en la participación colectiva?,,,,"El presidente de la Asociación de Padres de Familia decidió cuáles serán las mejoras que se harán este año en el plantel escolar.",,"El maestro elabora el reglamento de su grupo y lo da a conocer a sus estudiantes para que sepan cómo comportarse durante la clase.",,Cada estudiante analizó las cualidades de los candidatos y emitió su voto para elegir al representante del grupo.,,"El más popular del grupo pidió que le organizaran una reunión para festejar su cumpleaños, algunos no pueden asistir, pero no se atreven a comentarlo.",,Respuesta_c,
ECOEMS 2026,Formación Cívica y Ética,Formación Cívica y Ética,16,"En los siguientes casos se ejercen y respetan los derechos humanos, excepto en:",,,,"Antonio fue agredido por un automovilista que manejaba imprudentemente, un policía acude en su auxilio y solicita una ambulancia.",,"Regina solicitó información en una oficina pública, pero le dijeron que sólo la pueden atender si se presenta acompañada de un experto en el tema.",,"En la entrada de un restaurante se puede leer un letrero que dice: ""Aquí no discriminamos, sea usted bienvenido, permítanos mostrarle nuestra cortesía"".",,"La enfermera informa a los pacientes que le dará preferencia a Alma, quien acaba de llegar en silla de ruedas por una emergencia.",,Respuesta_b,
ECOEMS 2026,Formación Cívica y Ética,Formación Cívica y Ética,17,¿En qué caso la democracia se ve favorecida por el uso de las redes sociales?,,,,"Se pueden publicar de inmediato los detalles de las fiestas a las que asisten los integrantes del grupo y saber si se están divirtiendo o no.",,"Es posible tener al alcance información oportuna de los espectáculos que se llevarán a cabo en la localidad y en cualquier parte del país y del mundo.",,"Se pueden conocer los avances de los programas de gobierno y mantener comunicación con los representantes para emitir quejas y sugerencias.",,"Brindan la posibilidad de emitir un voto de: ""Me gusta"" o ""No me gusta"" en las publicaciones que comparten los miembros de la red.",,Respuesta_c,
ECOEMS 2026,Formación Cívica y Ética,Formación Cívica y Ética,18,"En un periódico se publicó que una importante marca de ropa deportiva explotaba a niños en sus fábricas instaladas en países pobres. Esta situación permitía a los fabricantes vender sus productos a precios bajos pues, si emplearan a trabajadores en países donde se respeta y exige el cumplimiento de los derechos laborales, los costos se elevarían y el precio de la ropa se encarecería... ¿Cuál de las siguientes opciones de participación solidaria tiene mayores posibilidades de combatir las condiciones de explotación que afecta a los niños de países pobres?",,,,"Comprar ropa de la misma calidad, pero de otra marca.",,"Nunca más comprar prendas de vestir elaboradas por fábricas de renombre.",,"Reproducir la noticia para difundirla entre los familiares, amigos y vecinos.",,"Solicitar la intervención de las instancias defensoras de derechos humanos.",,Respuesta_d,
ECOEMS 2026,Formación Cívica y Ética,Formación Cívica y Ética,19,"Con la finalidad de contribuir a mejorar las condiciones de vida de su comunidad, Anabel desea promover la defensa de los derechos ambientales. ¿Qué acción debe efectuar?",,,,"Promover una campaña para que cada vecino renueve la pintura exterior de su vivienda.",,"Organizar la reforestación del parque y otras áreas verdes con árboles propios del suelo y clima de la localidad.",,"Solicitar a las autoridades que periódicamente realicen actividades artísticas y culturales en la plaza pública.",,"Organizar un club de lectores voluntarios entre los jóvenes de su barrio.",,Respuesta_b,
ECOEMS 2026,Formación Cívica y Ética,Formación Cívica y Ética,20,La manera más efectiva de participar como adolescente en el desarrollo social de México es:,,,,Respetar y defender los derechos humanos.,,Involucrarte en las actividades laborales lo antes posible.,,Participar en un club deportivo o artístico.,,Colaborar en las campañas de beneficencia y ayuda a los necesitados.,,Respuesta_d,
ECOEMS 2026,Formación Cívica y Ética,Formación Cívica y Ética,21,"Cuando Samanta regresa a casa lo primero que hace es alborotarse el cabello y cambiarse la blusa y la falda del uniforme escolar por una playera y un pantalón, como los que usa la mayoría de las adolescentes de su edad. El sábado por la tarde asistirá a la fiesta de cumpleaños de su mejor amiga, por lo que hoy se ha dedicado a pensar cómo vestirse de acuerdo con la ocasión... ¿Qué elemento de la conformación de la identidad personal se destaca en esta situación?",,,,"El género, porque en la actualidad las mujeres pueden usar tanto falda como pantalón, según la ocasión.",,"Las costumbres, porque es común que en fines de semana las adolescentes vayan a fiestas con sus amigos.",,"El grupo de pertenencia, porque la manera de vestirse es similar a la de las personas con quienes interactúa.",,"Las instituciones, porque en la escuela y en la familia se establecen reglas acerca de la vestimenta adecuada.",,Respuesta_c,
ECOEMS 2026,Formación Cívica y Ética,Formación Cívica y Ética,22,"Daniel, al igual que la mayoría de sus compañeros de grupo, está por cumplir quince años de edad y a diferencia de ellos su estatura es similar a la de los alumnos de primer año; además su complexión es delgada, por lo que aparenta tener una edad menor. Esta semana, por fin, su mamá accedió a comprarle unos pantalones que están de moda, pero en la tienda le dijeron que sólo los fabrican en tallas más grandes, y la de él todavía es infantil. Esta situación le pareció injusta... ¿Cuál es la razón por la que a Daniel le pareció injusta la situación?",,,,"Porque su mamá ahora ya no va a querer comprarle otra prenda de vestir.",,"Porque es injusto que los fabricantes excluyan de la moda a los de talla chica.",,"Porque está desarrollando su sentido de pertenencia por edad y se siente excluido.",,"Porque cree que debió alimentarse mejor para tener una buena estatura.",,Respuesta_c,
ECOEMS 2026,Formación Cívica y Ética,Formación Cívica y Ética,23,"Los vecinos de la comunidad Norte quieren desviar un tramo del arroyo para dar de beber a su ganado, y los de la comunidad Sur se niegan porque se aproxima la época de sequía y no hay suficiente agua para el consumo humano... ¿Cuál de los procedimientos ejemplifica el respeto a los derechos humanos como principio en la solución de este conflicto?",,,,"La autoridad apoyará a la comunidad que tenga mayor población, ya que significan más votos para su partido.",,"La autoridad apoyará a la comunidad que esté al corriente con el pago de sus impuestos.",,"La autoridad apoyará a la comunidad Sur, porque en ésta la prioridad es la población, mientras que en la Norte la prioridad es el ganado.",,"La autoridad apoya a la comunidad Norte al mismo tiempo que se compromete a dotar de agua potable mediante pipas a la comunidad Sur.",,Respuesta_d,
ECOEMS 2026,Formación Cívica y Ética,Formación Cívica y Ética,24,¿En cuál de las siguientes situaciones se aprecia una manifestación de la identidad nacional?,,,,"La conmemoración de acontecimientos cívicos que permiten reconocer la conquista de mejores condiciones de vida para la población.",,"La compra e intercambio de obsequios en fechas específicas para fortalecer los lazos afectivos entre la familia y las amistades.",,"Los rituales que se llevan a cabo cuando nace o muere algún integrante de la familia.",,"El consumo de bebidas gaseosas y frituras en todos los lugares del país.",,Respuesta_a,
ECOEMS 2026,Formación Cívica y Ética,Formación Cívica y Ética,25,Una manifestación de la pluriculturalidad de México es:,,,,La variedad de paisajes que se aprecian en el territorio.,,"La diversidad de flores y frutos que se cultivan, comercian y consumen.",,La amplia gama de actividades laborales en las que se ocupa la población.,,"Los diferentes estilos de vestimenta, peinado y calzado para todas las edades.",,Respuesta_d,
ECOEMS 2026,Formación Cívica y Ética,Formación Cívica y Ética,26,Es un rasgo de identidad y pertenencia a la humanidad:,,,,"Los habitantes de todo país tienen un idioma oficial, aun cuando haya quienes hablan dos o más.",,"Personas de todo el mundo se solidarizan para atender las necesidades básicas de los damnificados por catástrofes naturales o sociales.",,"En cada país se conmemoran acontecimientos históricos que les han permitido mejorar sus condiciones de vida.",,"La humanidad de todo tiempo y lugar ha tenido interés por conocer el mundo social y natural en que se desenvuelve.",,Respuesta_a,
ECOEMS 2026,Formación Cívica y Ética,Formación Cívica y Ética,27,Es un ejemplo del compromiso de la sociedad con el respeto a los derechos humanos:,,,,"Se reprende severamente a las niñas, niños y adolescentes para que aprendan a reconocer la autoridad de las personas adultas.",,"A las personas adultas mayores no se les da trabajo porque las jóvenes tienen mayor necesidad, pues requieren forjar su propio patrimonio.",,Exigen que quienes cometen un delito sean juzgados conforme a lo que se establece en la ley.,,Se otorgan mayores beneficios a quienes más tienen como reconocimiento a su esfuerzo.,,Respuesta_c,
ECOEMS 2026,Formación Cívica y Ética,Formación Cívica y Ética,28,¿A qué organismo debería recurrir una persona de un país latinoamericano cuyos derechos humanos fueron violados debido a que fue víctima de tortura y no recibió el apoyo necesario por parte de las autoridades de su país?,,,,Corte Interamericana de Derechos Humanos.,,Tribunal de Justicia de las Comunidades Europeas.,,Comisión Nacional de Derechos Humanos.,,Comité para la Eliminación de la Discriminación contra la Mujer.,,Respuesta_a,
ECOEMS 2026,Formación Cívica y Ética,Formación Cívica y Ética,29,"Los habitantes de una comunidad enfrentan un conflicto con los de otra porque ambos reclaman la titularidad de una zona de pastizales donde pacen sus rebaños. Una Organización de la Sociedad Civil (OSC), interesada por la defensa de los derechos humanos, les ha ofrecido intervenir como mediadora. Tú les recomiendas que acepten porque una OSC:",,,,Promueve la lectura y el análisis de documentos legales y literarios acerca de los derechos humanos.,,Defiende los derechos individuales y colectivos en favor del bien común.,,Promueve la participación de la ciudadanía en los procesos democráticos.,,Se preocupa por mejorar y defender los intereses del pueblo trabajador.,,Respuesta_b,
ECOEMS 2026,Formación Cívica y Ética,Formación Cívica y Ética,30,"¿Cuál de los siguientes instrumentos legales obliga a los Estados parte a diseñar políticas que regulen las acciones de las instancias públicas y privadas en favor de los derechos humanos de niñas, niños y adolescentes?",,,,Convención sobre los Derechos del Niño.,,Reglas mínimas de las Naciones Unidas para la administración de la justicia de menores.,,Convención Interamericana sobre Restitución Internacional de Menores.,,"Ley para la protección de los derechos de niñas, niños y adolescentes.",,Respuesta_d,
ECOEMS 2026,Formación Cívica y Ética,Formación Cívica y Ética,31,"En días pasados, después de haber propuesto a varios candidatos, se eligió a la persona que representará a los estudiantes de cada grupo escolar mediante votación universal, libre, directa y secreta. Este procedimiento es similar a uno de los derechos políticos que nuestra Constitución otorga a la ciudadanía porque:",,,,"Todos tuvieron las mismas condiciones para votar y ser votados.",,"Existió la libertad de expresar directamente las inconformidades.",,"Pudieron reunirse previamente entre amigos para acordar por quién votar.",,"Hubo libertad para expresar opiniones en contra y a favor de los candidatos.",,Respuesta_d,
ECOEMS 2026,Formación Cívica y Ética,Formación Cívica y Ética,32,"¿En cuál de los siguientes casos se aplica el lema ""Sufragio efectivo, No reelección""?",,,,"Antes de iniciar un encuentro deportivo, los capitanes de cada equipo lanzan una moneda al aire para saber quién comienza el juego.",,"El jefe de personal hace saber a los nuevos empleados que semestralmente cambiarán de área de trabajo para no caer en la rutina.",,"Cada tres años, los habitantes de la comunidad eligen por votación a los nuevos integrantes del Comité de Participación Ciudadana.",,"Los condóminos deciden, por votación, la permanencia del actual comité de administración porque ha cumplido muy bien con sus responsabilidades.",,Respuesta_c,
ECOEMS 2026,Formación Cívica y Ética,Formación Cívica y Ética,33,"Julieta cumplió la mayoría de edad, ya tramitó su credencial de elector y, además de emitir su voto, tiene interés en participar como observadora ciudadana en la próxima jornada electoral en que se elegirá a los presidentes municipales de su entidad. La participación ciudadana que Julieta desea ejercer le permitirá:",,,,"Ser de las primeras personas en saber cuál fue el candidato y partido político que obtuvo la mayoría de votos.",,"Sustituir al secretario de la casilla electoral en caso de que se cometan errores en el llenado de las actas de apertura.",,"Orientar a los votantes para que emitan su voto en favor del candidato que ella, después de haber analizado sus propuestas, percibe como el mejor.",,"Vigilar que los integrantes de la casilla electoral, los votantes y representantes de partido cumplan las normas electorales el día de la votación.",,Respuesta_c,
ECOEMS 2026,Formación Cívica y Ética,Formación Cívica y Ética,34,¿Cuál de las siguientes opciones define de la mejor manera en qué consiste la soberanía del Estado mexicano?,,,,"Los mexicanos pueden discutir a través de sus representantes la conveniencia de modificar una ley para garantizar un mejor bienestar e incluso modificar la forma de gobierno.",,"Cuando las autoridades o la población enfrenten un conflicto grave pueden solicitar la intervención de expertos internacionales para que ayuden a solucionarlo.",,"Los mexicanos pueden hacer lo que más les agrade o lo que mejor les convenga sin necesidad de autorización alguna.",,"El presidente del país tiene el poder de cambiar o modificar las leyes que le impidan gobernar como lo tiene previsto.",,Respuesta_b,
ECOEMS 2026,Formación Cívica y Ética,Formación Cívica y Ética,35,"En una nota periodística se informa que un local comercial fue clausurado porque no atendieron de manera inmediata a la hija de un importante funcionario del gobierno. Este suceso no se apega al principio de legalidad porque:",,,,"En la ley no está prohibido atender con lentitud a los clientes.",,"Se omitieron algunos procedimientos señalados en la ley para llevar a cabo la clausura.",,"También debieron clausurar otros locales donde no atienden inmediatamente a los clientes.",,"En la ley se establece claramente que se debe atender de manera inmediata a los clientes.",,Respuesta_a,
ECOEMS 2026,Formación Cívica y Ética,Formación Cívica y Ética,36,"Al inicio del ciclo se elaboró el reglamento escolar con la participación de estudiantes, maestros, directivos y padres de familia. Meses después, una parte del alumnado manifestó su desacuerdo con la aplicación del reglamento porque considera que algunos artículos son injustos. Tomando en cuenta las características de los procedimientos de participación ciudadana democrática. Tomando en cuenta las características de los procedimientos de participación ciudadana democrática, ¿cuál convendría promover a nivel escolar para atender la inquietud del alumnado?",,,,"La iniciativa popular, porque pueden hacer propuestas de nuevos artículos o modificar los actuales.",,"El referéndum, porque pueden expresar su opinión acerca de qué artículos consideran justos o injustos.",,"El plebiscito, porque todos pueden expresar su opinión acerca de la conveniencia de aplicar o no el reglamento escolar.",,"La representatividad, porque pueden votar y crear una comisión que analice y decida conservar, eliminar o modificar los artículos injustos.",,Respuesta_d,
ECOEMS 2026,Formación Cívica y Ética,Formación Cívica y Ética,37,"La mamá de Dulce recibió la invitación del Consejo de Participación Ciudadana de su comunidad para formar parte del Comité de Salud. Ella dice que no quiere involucrarse en política, porque eso es pura palabrería y corrupción. Dulce intenta convencerla de que participe... ¿Qué argumento le sugerirías utilizar para que le explique la importancia de su participación como ciudadana?",,,,Tendrá posibilidad de participar en el diseño de los programas y proyectos de salud que más le interesen.,,"Tendrá oportunidad de participar en la elección de los gobernantes y en la designación de los responsables de la salud.",,"Tendrá oportunidad de participar en la solicitud, ante las autoridades de salud, de los programas y proyectos que más convenga poner en marcha en su comunidad.",,"Tendrá oportunidad de decidir a quiénes de sus vecinos incluir en los proyectos y programas que la autoridad en materia de salud tenga a bien desarrollar en la comunidad.",,Respuesta_c,
ECOEMS 2026,Formación Cívica y Ética,Formación Cívica y Ética,38,"Los siguientes son ejemplos de cómo la autoridad da cumplimiento a la rendición de cuentas, excepto:",,,,"Dan a conocer los criterios y procedimientos que llevaron a cabo para diseñar y poner en marcha los proyectos que les corresponde ejecutar.",,"Difunden públicamente su declaración de situación patrimonial que presentan ante la Secretaría de la Función Pública (SFP).",,"Comparten a través de las redes sociales qué lugares visitan y con quiénes viajan en sus periodos de descanso.",,"Informan periódicamente en qué se gastan el recurso que se les asigna para desarrollar sus acciones gubernamentales.",,Respuesta_c,
ECOEMS 2026,Formación Cívica y Ética,Formación Cívica y Ética,39,"Las siguientes son algunas de las características más sobresalientes de las organizaciones civiles como forma de organización colectiva, excepto:",,,,Su organización interna es democrática y plural.,,Responden a intereses políticos del partido en turno.,,Sus miembros tienen una elevada actitud de servicio en favor del bienestar colectivo.,,Buscan el diálogo con el gobierno y los sectores independientes en un ambiente de tolerancia y respeto mutuo.,,Respuesta_b,
ECOEMS 2026,Formación Cívica y Ética,Formación Cívica y Ética,40,"La persona que asiste a la odontóloga solicitó al paciente en turno que, antes de entrar a consulta, llene un formato con sus datos de identificación personal, sus antecedentes de salud y los de sus familiares directos, así como la relación de sus padecimientos y los tratamientos médicos que ha tomado. Solicitar esta información no afecta su derecho a la privacidad siempre y cuando en el Aviso de privacidad se establezca primordialmente:",,,,Con qué finalidad se emplearán esos datos.,,Con qué instancias es probable que se compartan los datos.,,Quién es el responsable de garantizar el buen uso de los datos.,,Cómo se puede corregir o cancelar alguno de los datos que se solicitan.,,Respuesta_a,
ECOEMS 2026,Formación Cívica y Ética,Formación Cívica y Ética,41,"Varias comunidades de nuestro país carecen de servicio de energía eléctrica y de receptores de señal satelital lo que impide a la población hacer uso de los medios de comunicación y tecnologías de la información. Estas circunstancias afectan a la población adolescente en su desempeño como estudiantes porque:",,,,"Limita el acceso a fuentes de información para complementar lo que presentan sus libros.",,"Les impide establecer comunicación con sus familiares que viven en lugares lejanos.",,"Anula su posibilidad de ampliar su número de amistades.",,"Les impide participar en actividades recreativas dentro de casa.",,Respuesta_a,
ECOEMS 2026,Formación Cívica y Ética,Formación Cívica y Ética,42,"Durante la transmisión de programas de televisión para público adolescente y al abrir ciertas direcciones de sitios de internet se muestra un comercial en el que se observa el rostro de una persona de edad adolescente de cabello castaño, lacio, brillante; su mirada y gestos muestran seguridad; enseguida se aprecia que va caminando con firmeza mientras los demás la observan con admiración. El motivo es el producto que utilizó para lavar su cabello. Este tipo de publicidad es engañosa porque:",,,,"La seguridad de una persona no se aprecia en la manera de mirar.",,"No todas las personas de cabello castaño, lacio y brillante caminan con firmeza.",,"No es verdad que se voltee a mirar a las personas de cabello castaño, lacio y brillante.",,"No hay relación entre el producto para el cabello y la seguridad de la persona.",,Respuesta_d,
ECOEMS 2026,Formación Cívica y Ética,Formación Cívica y Ética,43,"En un comercial televisivo se observa a un padre con su hija e hijo sentados ante la mesa disponiéndose a comer un rico postre. Sin embargo, no pueden hacerlo porque están esperando a la mamá que está en la cocina frente a un montón de trastes sumamente sucios. Ella utiliza un producto limpiador y desengrasante muy efectivo que le facilita el lavado y le permite reunirse con los demás integrantes de la familia para compartir el postre. Una postura ética que se puede asumir en familia para contrarrestar el estereotipo de género presente en este comercial es:",,,,"Proponer que en nuestra familia sean los hombres quienes se encarguen de lavar los trastos.",,"Comprometerse a cambiar de canal cada que aparezca en la pantalla este tipo de comerciales.",,"Organizarse para que alternadamente cada integrante de la familia participe en el lavado de los trastos.",,"Hacer notar a los integrantes de nuestra familia que cualquier tipo de producto limpiador es igualmente efectivo.",,Respuesta_c,
ECOEMS 2026,Formación Cívica y Ética,Formación Cívica y Ética,44,"Los siguientes son ejemplos de programas que muestran cómo expresan los medios de comunicación su compromiso con el respeto y valoración de las distintas formas de identidad adolescente, EXCEPTO:",,,,"Se entrevista a adolescentes de distintos lugares para que, compartan sus preferencias musicales, además de sus rostros se aprecia su vestimenta cotidiana e imágenes de la comunidad donde viven.",,"Estudiantes de educación media participan en un concurso en el que ponen en juego su talento y conocimientos para hacer frente a una serie de desafíos matemáticos, sociales, científicos, deportivos, artísticos y culturales.",,"Un grupo de adolescentes de similar condición socioeconómica y edad aceptan convivir en una casa en la que se han colocado videocámaras para que el público pueda observar la manera en que interactúan cotidianamente durante las 24 horas del día durante varias semanas.",,"Adolescentes con habilidades, condiciones económicas, familiares, culturales e intereses personales distintos coinciden como estudiantes en un aula escolar. Las actividades que comparten dentro o fuera de la escuela dan lugar a conflictos que resuelven con mayor o menor dificultad.",,Respuesta_c,
ECOEMS 2026,Formación Cívica y Ética,Formación Cívica y Ética,45,"Durante la clase los equipos se integraron al azar. Los compañeros de Ceci muestran apatía hacia el trabajo que les corresponde realizar. ¿Cuál de las siguientes acciones da cuenta de una alternativa que favorece el bienestar socioafectivo de Ceci, en relación con la valoración de las capacidades, potencialidades y aspiraciones personales?",,,,"Se esfuerza por realizar individualmente el trabajo. Al momento de entregarlo, incluye a todos los integrantes del equipo sin importarle que no hayan colaborado. De esa forma, mantiene el aprecio de sus compañeros.",,"Deja pasar el tiempo en espera de que alguien tome la iniciativa para la realización del trabajo. Cuando quedan unos cuantos días, al ver que nadie tiene interés en trabajar toma la decisión de cambiarse de equipo.",,"Por un par de días trata de animar a sus compañeros para organizarse y distribuirse ciertas actividades, al no lograrlo solicita a su maestro que reintegre los equipos tomando en consideración la afinidad entre compañeros.",,"Asume el liderazgo del equipo, identifica y distribuye actividades que se pueden realizar individualmente y las que requieren de concretarse colectivamente. Cuando entrega el trabajo incluye únicamente a quienes participaron.",,Respuesta_d,
ECOEMS 2026,Formación Cívica y Ética,Formación Cívica y Ética,46,"El parque de la comunidad carece de alumbrado, los tableros y porterías de las canchas están maltratadas, la maleza ha invadido los andadores peatonales, los juegos de piso ya casi no se notan. Ante esta situación niños y adolescentes prefieren jugar o platicar entre las calles. Es importante que los espacios físicos destinados a la recreación se encuentren en buenas condiciones porque...",,,,"Los adolescentes pueden emplear el tiempo libre en actividades deportivas y recreativas.",,"Significa que las autoridades se preocupan por el buen estado de los parques.",,"La comunidad no gastaría en el mantenimiento de los parques.",,"En las calles los juegos se interrumpen constantemente.",,Respuesta_a,
ECOEMS 2026,Formación Cívica y Ética,Formación Cívica y Ética,47,"Carlos y Francisco son primos, el primero tiene habilidad para la comprensión y resolución de problemas matemáticos, al segundo le gusta leer y analizar aspectos relacionados con las condiciones y problemáticas sociales. En cuanto a las actividades físicas, Francisco prefiere el voleibol y Carlos el basquetbol. Recientemente han coincidido en su afición por correr, así que procuran inscribirse en las mismas competencias. Ambos reconocen que tener habilidades e intereses particulares no les impide compartir aficiones similares. Lo anterior permite afirmar que ellos gozan de una adecuada autoestima porque:",,,,"Se preocupan por asumir el control y la responsabilidad de su salud física y emocional.",,"Realizan actividades intelectuales y deportivas encaminadas a ganar competencias deportivas.",,"Reconocen y valoran los alcances personales y los medios con los que cuentan para lograr sus metas.",,"Reconocen conocimientos y habilidades que dominan y les permiten realizar ciertas actividades con entusiasmo.",,Respuesta_c,
ECOEMS 2026,Formación Cívica y Ética,Formación Cívica y Ética,48,"¿Por qué el aprendizaje de idiomas es una herramienta para desenvolverse en un mundo cada vez más globalizado?",,,,"Se facilita la comunicación con personas de otros países.",,"Se adquiere popularidad tanto en el país de origen como en el extranjero.",,"Se conocen personas interesantes durante los cursos de idiomas.",,"Se adquiere la posibilidad de viajar a otros países.",,Respuesta_a,
ECOEMS 2026,Formación Cívica y Ética,Formación Cívica y Ética,49,"Especialistas de la ONU afirman que en diversas partes del mundo se promueve el matrimonio infantil por costumbres étnicas o religiosas, violando, especialmente, los derechos de los niñas, pues las obligan a asumir responsabilidades para las cuales no están física ni psicológicamente preparadas. Esta situación es una de las problemáticas sociales que afectan la vida de los adolescentes porque:",,,,"Hay pocas opciones laborales para adolescentes que les permitan cubrir los gastos que se generan al iniciar una nueva familia.",,"Se vulneran sus derechos básicos como seguridad, integridad, libertad y dignidad humana, entre otros.",,"Se les involucra en responsabilidades adultas sin tener un respaldo legal para participar en la toma de decisiones colectivas.",,"No se les toma en cuenta para expresar su acuerdo o desacuerdo con las tradiciones que influyen en la identidad personal.",,Respuesta_b,
ECOEMS 2026,Formación Cívica y Ética,Formación Cívica y Ética,50,"La siguiente situación ejemplifica la participación de los adolescentes para solucionar problemas cuyos resultados benefician a la comunidad en el marco del respeto a la ley y los derechos humanos:",,,,"Promueven la organización de una ceremonia para entregar reconocimientos a los profesores con mayor antigüedad en el servicio, así dan muestra de su aprecio.",,"Para no entretenerse a la hora de salida, deciden organizarse durante la clase utilizando mensajes de texto a través del celular, sin que se de cuanta el maestro.",,"Deciden nombrar representante de grupo a quien aportó mayores apoyos económicos para la compra de uniformes y balones para los integrantes del equipo de futbol.",,"Se organizan para elaborar un oficio dirigido al director del plantel para solicitar su intervención en la construcción de rampas que faciliten la movilidad de un compañero que requiere usar silla de ruedas.",,Respuesta_d,
ECOEMS 2026,Español,Español,1,Lee con atención el siguiente texto y contesta las preguntas /b1 - 4.b/ /n/b/cPoema a Quetzalcóatlc/b/,,"/cQuetzalcóatl reinaba en Tula. Todo era dicha y abundancia, los víveres no se vendían por precio entonces. /nEs fama que eran grandes y gruesas las calabazas, que un hombre con los brazos abiertos apenas si podía abarcarlas… /nTambién se producía el algodón de mil colores pintado: rojo, amarillo, rosado, morado, verde, verde azulado, azul marino, verde claro amarillo rojizo, moreno y matizado de diferentes colores y de color león. /nTodos estos colores eran naturales, así nacían de la tierra, nadie tenía que pintarlos. /nTambién se criaban allí aves de rico plumaje: color de turquesa, de verde reluciente, de amarillo, de pecho color flama. /nY aves preciosas de todo linaje, las que cantan bellamente, las que las montañas trinan. /nTambién las piedras preciosas y el oro eran vistos como si no tuvieran precio: tanto era lo que todos tenían. /nTambién se daba el cacao, el cacao más rico y fino, y por todas partes se alzaban las plantas de cacao. /nTodos los moradores de Tula eran ricos y felices, nunca sentían pobreza o pena, nada faltaba en sus casas, nunca había hambre entre ellos.c/",La característica más importante de los colores es que eran:,Abundantes,,Primarios y secundarios,,Intensos,,Naturales,,Respuesta_d
ECOEMS 2026,Español,Español,2,Lee con atención el siguiente texto y contesta las preguntas /b1 - 4.b/ /n/b/cPoema a Quetzalcóatlc/b/,,"/cQuetzalcóatl reinaba en Tula. Todo era dicha y abundancia, los víveres no se vendían por precio entonces. /nEs fama que eran grandes y gruesas las calabazas, que un hombre con los brazos abiertos apenas si podía abarcarlas… /nTambién se producía el algodón de mil colores pintado: rojo, amarillo, rosado, morado, verde, verde azulado, azul marino, verde claro amarillo rojizo, moreno y matizado de diferentes colores y de color león. /nTodos estos colores eran naturales, así nacían de la tierra, nadie tenía que pintarlos. /nTambién se criaban allí aves de rico plumaje: color de turquesa, de verde reluciente, de amarillo, de pecho color flama. /nY aves preciosas de todo linaje, las que cantan bellamente, las que las montañas trinan. /nTambién las piedras preciosas y el oro eran vistos como si no tuvieran precio: tanto era lo que todos tenían. /nTambién se daba el cacao, el cacao más rico y fino, y por todas partes se alzaban las plantas de cacao. /nTodos los moradores de Tula eran ricos y felices, nunca sentían pobreza o pena, nada faltaba en sus casas, nunca había hambre entre ellos.c/",La idea principal del texto es:,La descripción de colores,,Exponer el tipo de aves,,Explicar el esplendor de Tula,,Mostrar los plantíos de Tula,,Respuesta_c
ECOEMS 2026,Español,Español,3,Lee con atención el siguiente texto y contesta las preguntas /b1 - 4.b/ /n/b/cPoema a Quetzalcóatlc/b/,,"/cQuetzalcóatl reinaba en Tula. Todo era dicha y abundancia, los víveres no se vendían por precio entonces. /nEs fama que eran grandes y gruesas las calabazas, que un hombre con los brazos abiertos apenas si podía abarcarlas… /nTambién se producía el algodón de mil colores pintado: rojo, amarillo, rosado, morado, verde, verde azulado, azul marino, verde claro amarillo rojizo, moreno y matizado de diferentes colores y de color león. /nTodos estos colores eran naturales, así nacían de la tierra, nadie tenía que pintarlos. /nTambién se criaban allí aves de rico plumaje: color de turquesa, de verde reluciente, de amarillo, de pecho color flama. /nY aves preciosas de todo linaje, las que cantan bellamente, las que las montañas trinan. /nTambién las piedras preciosas y el oro eran vistos como si no tuvieran precio: tanto era lo que todos tenían. /nTambién se daba el cacao, el cacao más rico y fino, y por todas partes se alzaban las plantas de cacao. /nTodos los moradores de Tula eran ricos y felices, nunca sentían pobreza o pena, nada faltaba en sus casas, nunca había hambre entre ellos.c/",¿De dónde provenían las aves de rico plumaje?,Turquía,,Aztlán,,Tula,,Teotihuacán,,Respuesta_c
ECOEMS 2026,Español,Español,4,Lee con atención el siguiente texto y contesta las preguntas /b1 - 4.b/ /n/b/cPoema a Quetzalcóatlc/b/,,"/cQuetzalcóatl reinaba en Tula. Todo era dicha y abundancia, los víveres no se vendían por precio entonces. /nEs fama que eran grandes y gruesas las calabazas, que un hombre con los brazos abiertos apenas si podía abarcarlas… /nTambién se producía el algodón de mil colores pintado: rojo, amarillo, rosado, morado, verde, verde azulado, azul marino, verde claro amarillo rojizo, moreno y matizado de diferentes colores y de color león. /nTodos estos colores eran naturales, así nacían de la tierra, nadie tenía que pintarlos. /nTambién se criaban allí aves de rico plumaje: color de turquesa, de verde reluciente, de amarillo, de pecho color flama. /nY aves preciosas de todo linaje, las que cantan bellamente, las que las montañas trinan. /nTambién las piedras preciosas y el oro eran vistos como si no tuvieran precio: tanto era lo que todos tenían. /nTambién se daba el cacao, el cacao más rico y fino, y por todas partes se alzaban las plantas de cacao. /nTodos los moradores de Tula eran ricos y felices, nunca sentían pobreza o pena, nada faltaba en sus casas, nunca había hambre entre ellos.c/",Todos los párrafos tienen en común hablar de:,El reino de Quetzalcóatl,,La fama de Tula,,La abundancia,,El comercio,,Respuesta_c
ECOEMS 2026,Español,Español,5,Lee con atención el siguiente texto y contesta las preguntas /b5 - 11.b/ /n/b/cEl ser más poderoso del mundoc/b/,,"/c1. Un mago de la india pasaba cierta tarde por la orilla del río Ganges, el gran río sagrado de los brahamanistas y budistas. /n2. De repente oyó fuerte aleteo sobre su cabeza y, movido por la curiosidad, alzó la mirada y vio un búho que llevaba un ratoncito en el pico. /n3. El mago prorrumpió en grandes gritos y agitó los brazos para asustar al búho; éste dejó caer, en efecto, a ratoncito, que quedó en el suelo como muerto. /n4. El mago lo recogió, lo curó, y después, usando su poder mágico lo convirtió en una lindísima jovencita. La contempló con agrado y le habló de esta suerte: /n5. -Vamos, mi linda niña, ¿a quien desearías como esposo? Dime tu pensamiento, pues mi poder es grande y no hay duda de que alcanzaré a satisfacer tus aspiraciones. /n6.	La joven, que ya no se acordaba de su humilde estado anterior, exclamó: /n7. -Quiero por marido al ser más poderoso del universo. /n8. Esta respuesta no satisfizo mucho al mago, que era hombre sencillo y de apacibles sentimientos; pero como también era fiel a su palabra, se dispuso a cumplir los deseos de su ahijada. /n9. -El sol-, es el ser más poderoso del universo. Es la luz del mundo y el calor de la vida. Será tu esposo. /n10. Y volviéndose hacia el astro bienhechor, que en aquel momento resplandecía en medio de los cielos, le suplicó que aceptara la mano de la joven. Mas he aquí que el sol, que había escuchado toda la plática. respondió: /n11.	-Con gusto me casaría con la joven, pues es muy bonita, pero no soy el más poderoso. ¿Cómo puedo serlo, si una nube ligera puede eclipsarme y dejarme en la sombra? /n12. Y pronto quedó probado, porque en aquel instante pasó una nube y oscureció al sol. /n13. Entonces el mago pidió a la nube que se casara con su ahijada, pero la nube respondió: /n14. -Con mucho gusto lo haría; pues es muy bonita; mas tampoco soy el ser más poderoso del mundo. El viento me arrastra y me lleva de un lado a otro, sin que yo pueda resistí a su voluntad. /n15. Iba el mago a ofrecer al viento la mano de la muchacha, cuando observó que se estrellaba contra una poderosa montaña, rugiendo furiosamente; y no la movía ni una pulgada; por lo cual ofreció su ahijada a la montaña, recibiendo esta sorprendente propuesta: /n16. -¿Dónde está mi poder? Sólo tengo resistencia inerte. Las tormentas se disipan en su golpe violento contra mí, pero soy incapaz de obrar; no puedo moverme; nada puedo hacer. Aquel ratoncito que excavó su madriguera a mis pies es más fuerte que yo, puesto que no puedo impedir que roa mis entrañas para hacer en ellas su vivienda. /n17. El mago se maravilló del resultado de su búsqueda; pero luego comprendió que cada ser tiene una fuerza superior, que es la fuerza de su propia naturaleza. Entonces devolvió a la joven su condición natural, y come vio que era un ratoncito hembra, llamó al ratón que había labrado su casa en la montaña, para que ambos formaran un matrimonio feliz, que al fin y al cabo era lo que él deseaba.c/",Una característica principal de la ahijada del mago era su amor por:,Lo poderoso,,La humildad,,Los ratoncitos,,Los astros,,Respuesta_a
ECOEMS 2026,Español,Español,6,Lee con atención el siguiente texto y contesta las preguntas /b5 - 11.b/ /n/b/cEl ser más poderoso del mundoc/b/,,"/c1. Un mago de la india pasaba cierta tarde por la orilla del río Ganges, el gran río sagrado de los brahamanistas y budistas. /n2. De repente oyó fuerte aleteo sobre su cabeza y, movido por la curiosidad, alzó la mirada y vio un búho que llevaba un ratoncito en el pico. /n3. El mago prorrumpió en grandes gritos y agitó los brazos para asustar al búho; éste dejó caer, en efecto, a ratoncito, que quedó en el suelo como muerto. /n4. El mago lo recogió, lo curó, y después, usando su poder mágico lo convirtió en una lindísima jovencita. La contempló con agrado y le habló de esta suerte: /n5. -Vamos, mi linda niña, ¿a quien desearías como esposo? Dime tu pensamiento, pues mi poder es grande y no hay duda de que alcanzaré a satisfacer tus aspiraciones. /n6.	La joven, que ya no se acordaba de su humilde estado anterior, exclamó: /n7. -Quiero por marido al ser más poderoso del universo. /n8. Esta respuesta no satisfizo mucho al mago, que era hombre sencillo y de apacibles sentimientos; pero como también era fiel a su palabra, se dispuso a cumplir los deseos de su ahijada. /n9. -El sol-, es el ser más poderoso del universo. Es la luz del mundo y el calor de la vida. Será tu esposo. /n10. Y volviéndose hacia el astro bienhechor, que en aquel momento resplandecía en medio de los cielos, le suplicó que aceptara la mano de la joven. Mas he aquí que el sol, que había escuchado toda la plática. respondió: /n11.	-Con gusto me casaría con la joven, pues es muy bonita, pero no soy el más poderoso. ¿Cómo puedo serlo, si una nube ligera puede eclipsarme y dejarme en la sombra? /n12. Y pronto quedó probado, porque en aquel instante pasó una nube y oscureció al sol. /n13. Entonces el mago pidió a la nube que se casara con su ahijada, pero la nube respondió: /n14. -Con mucho gusto lo haría; pues es muy bonita; mas tampoco soy el ser más poderoso del mundo. El viento me arrastra y me lleva de un lado a otro, sin que yo pueda resistí a su voluntad. /n15. Iba el mago a ofrecer al viento la mano de la muchacha, cuando observó que se estrellaba contra una poderosa montaña, rugiendo furiosamente; y no la movía ni una pulgada; por lo cual ofreció su ahijada a la montaña, recibiendo esta sorprendente propuesta: /n16. -¿Dónde está mi poder? Sólo tengo resistencia inerte. Las tormentas se disipan en su golpe violento contra mí, pero soy incapaz de obrar; no puedo moverme; nada puedo hacer. Aquel ratoncito que excavó su madriguera a mis pies es más fuerte que yo, puesto que no puedo impedir que roa mis entrañas para hacer en ellas su vivienda. /n17. El mago se maravilló del resultado de su búsqueda; pero luego comprendió que cada ser tiene una fuerza superior, que es la fuerza de su propia naturaleza. Entonces devolvió a la joven su condición natural, y come vio que era un ratoncito hembra, llamó al ratón que había labrado su casa en la montaña, para que ambos formaran un matrimonio feliz, que al fin y al cabo era lo que él deseaba.c/",La idea principal de la lectura habla sobre:,Las virtudes de la magia,,Los poderes del mago,,Los valores de cada individuo,,Un matrimonio feliz,,Respuesta_c
ECOEMS 2026,Español,Español,7,Lee con atención el siguiente texto y contesta las preguntas /b5 - 11.b/ /n/b/cEl ser más poderoso del mundoc/b/,,"/c1. Un mago de la india pasaba cierta tarde por la orilla del río Ganges, el gran río sagrado de los brahamanistas y budistas. /n2. De repente oyó fuerte aleteo sobre su cabeza y, movido por la curiosidad, alzó la mirada y vio un búho que llevaba un ratoncito en el pico. /n3. El mago prorrumpió en grandes gritos y agitó los brazos para asustar al búho; éste dejó caer, en efecto, a ratoncito, que quedó en el suelo como muerto. /n4. El mago lo recogió, lo curó, y después, usando su poder mágico lo convirtió en una lindísima jovencita. La contempló con agrado y le habló de esta suerte: /n5. -Vamos, mi linda niña, ¿a quien desearías como esposo? Dime tu pensamiento, pues mi poder es grande y no hay duda de que alcanzaré a satisfacer tus aspiraciones. /n6.	La joven, que ya no se acordaba de su humilde estado anterior, exclamó: /n7. -Quiero por marido al ser más poderoso del universo. /n8. Esta respuesta no satisfizo mucho al mago, que era hombre sencillo y de apacibles sentimientos; pero como también era fiel a su palabra, se dispuso a cumplir los deseos de su ahijada. /n9. -El sol-, es el ser más poderoso del universo. Es la luz del mundo y el calor de la vida. Será tu esposo. /n10. Y volviéndose hacia el astro bienhechor, que en aquel momento resplandecía en medio de los cielos, le suplicó que aceptara la mano de la joven. Mas he aquí que el sol, que había escuchado toda la plática. respondió: /n11.	-Con gusto me casaría con la joven, pues es muy bonita, pero no soy el más poderoso. ¿Cómo puedo serlo, si una nube ligera puede eclipsarme y dejarme en la sombra? /n12. Y pronto quedó probado, porque en aquel instante pasó una nube y oscureció al sol. /n13. Entonces el mago pidió a la nube que se casara con su ahijada, pero la nube respondió: /n14. -Con mucho gusto lo haría; pues es muy bonita; mas tampoco soy el ser más poderoso del mundo. El viento me arrastra y me lleva de un lado a otro, sin que yo pueda resistí a su voluntad. /n15. Iba el mago a ofrecer al viento la mano de la muchacha, cuando observó que se estrellaba contra una poderosa montaña, rugiendo furiosamente; y no la movía ni una pulgada; por lo cual ofreció su ahijada a la montaña, recibiendo esta sorprendente propuesta: /n16. -¿Dónde está mi poder? Sólo tengo resistencia inerte. Las tormentas se disipan en su golpe violento contra mí, pero soy incapaz de obrar; no puedo moverme; nada puedo hacer. Aquel ratoncito que excavó su madriguera a mis pies es más fuerte que yo, puesto que no puedo impedir que roa mis entrañas para hacer en ellas su vivienda. /n17. El mago se maravilló del resultado de su búsqueda; pero luego comprendió que cada ser tiene una fuerza superior, que es la fuerza de su propia naturaleza. Entonces devolvió a la joven su condición natural, y come vio que era un ratoncito hembra, llamó al ratón que había labrado su casa en la montaña, para que ambos formaran un matrimonio feliz, que al fin y al cabo era lo que él deseaba.c/",La idea principal del párrafo 9 y 10 se refiere a:,El poder de la montaña,,La humildad de la joven,,La nube ligera,,Las cualidades del sol,,Respuesta_d
ECOEMS 2026,Español,Español,8,Lee con atención el siguiente texto y contesta las preguntas /b5 - 11.b/ /n/b/cEl ser más poderoso del mundoc/b/,,"/c1. Un mago de la india pasaba cierta tarde por la orilla del río Ganges, el gran río sagrado de los brahamanistas y budistas. /n2. De repente oyó fuerte aleteo sobre su cabeza y, movido por la curiosidad, alzó la mirada y vio un búho que llevaba un ratoncito en el pico. /n3. El mago prorrumpió en grandes gritos y agitó los brazos para asustar al búho; éste dejó caer, en efecto, a ratoncito, que quedó en el suelo como muerto. /n4. El mago lo recogió, lo curó, y después, usando su poder mágico lo convirtió en una lindísima jovencita. La contempló con agrado y le habló de esta suerte: /n5. -Vamos, mi linda niña, ¿a quien desearías como esposo? Dime tu pensamiento, pues mi poder es grande y no hay duda de que alcanzaré a satisfacer tus aspiraciones. /n6.	La joven, que ya no se acordaba de su humilde estado anterior, exclamó: /n7. -Quiero por marido al ser más poderoso del universo. /n8. Esta respuesta no satisfizo mucho al mago, que era hombre sencillo y de apacibles sentimientos; pero como también era fiel a su palabra, se dispuso a cumplir los deseos de su ahijada. /n9. -El sol-, es el ser más poderoso del universo. Es la luz del mundo y el calor de la vida. Será tu esposo. /n10. Y volviéndose hacia el astro bienhechor, que en aquel momento resplandecía en medio de los cielos, le suplicó que aceptara la mano de la joven. Mas he aquí que el sol, que había escuchado toda la plática. respondió: /n11.	-Con gusto me casaría con la joven, pues es muy bonita, pero no soy el más poderoso. ¿Cómo puedo serlo, si una nube ligera puede eclipsarme y dejarme en la sombra? /n12. Y pronto quedó probado, porque en aquel instante pasó una nube y oscureció al sol. /n13. Entonces el mago pidió a la nube que se casara con su ahijada, pero la nube respondió: /n14. -Con mucho gusto lo haría; pues es muy bonita; mas tampoco soy el ser más poderoso del mundo. El viento me arrastra y me lleva de un lado a otro, sin que yo pueda resistí a su voluntad. /n15. Iba el mago a ofrecer al viento la mano de la muchacha, cuando observó que se estrellaba contra una poderosa montaña, rugiendo furiosamente; y no la movía ni una pulgada; por lo cual ofreció su ahijada a la montaña, recibiendo esta sorprendente propuesta: /n16. -¿Dónde está mi poder? Sólo tengo resistencia inerte. Las tormentas se disipan en su golpe violento contra mí, pero soy incapaz de obrar; no puedo moverme; nada puedo hacer. Aquel ratoncito que excavó su madriguera a mis pies es más fuerte que yo, puesto que no puedo impedir que roa mis entrañas para hacer en ellas su vivienda. /n17. El mago se maravilló del resultado de su búsqueda; pero luego comprendió que cada ser tiene una fuerza superior, que es la fuerza de su propia naturaleza. Entonces devolvió a la joven su condición natural, y come vio que era un ratoncito hembra, llamó al ratón que había labrado su casa en la montaña, para que ambos formaran un matrimonio feliz, que al fin y al cabo era lo que él deseaba.c/",Del río Ganges provienen los:,Romanos,,Servios,,Mongoles,,Brahamanes,,Respuesta_d
ECOEMS 2026,Español,Español,9,Lee con atención el siguiente texto y contesta las preguntas /b5 - 11.b/ /n/b/cEl ser más poderoso del mundoc/b/,,"/c1. Un mago de la india pasaba cierta tarde por la orilla del río Ganges, el gran río sagrado de los brahamanistas y budistas. /n2. De repente oyó fuerte aleteo sobre su cabeza y, movido por la curiosidad, alzó la mirada y vio un búho que llevaba un ratoncito en el pico. /n3. El mago prorrumpió en grandes gritos y agitó los brazos para asustar al búho; éste dejó caer, en efecto, a ratoncito, que quedó en el suelo como muerto. /n4. El mago lo recogió, lo curó, y después, usando su poder mágico lo convirtió en una lindísima jovencita. La contempló con agrado y le habló de esta suerte: /n5. -Vamos, mi linda niña, ¿a quien desearías como esposo? Dime tu pensamiento, pues mi poder es grande y no hay duda de que alcanzaré a satisfacer tus aspiraciones. /n6.	La joven, que ya no se acordaba de su humilde estado anterior, exclamó: /n7. -Quiero por marido al ser más poderoso del universo. /n8. Esta respuesta no satisfizo mucho al mago, que era hombre sencillo y de apacibles sentimientos; pero como también era fiel a su palabra, se dispuso a cumplir los deseos de su ahijada. /n9. -El sol-, es el ser más poderoso del universo. Es la luz del mundo y el calor de la vida. Será tu esposo. /n10. Y volviéndose hacia el astro bienhechor, que en aquel momento resplandecía en medio de los cielos, le suplicó que aceptara la mano de la joven. Mas he aquí que el sol, que había escuchado toda la plática. respondió: /n11.	-Con gusto me casaría con la joven, pues es muy bonita, pero no soy el más poderoso. ¿Cómo puedo serlo, si una nube ligera puede eclipsarme y dejarme en la sombra? /n12. Y pronto quedó probado, porque en aquel instante pasó una nube y oscureció al sol. /n13. Entonces el mago pidió a la nube que se casara con su ahijada, pero la nube respondió: /n14. -Con mucho gusto lo haría; pues es muy bonita; mas tampoco soy el ser más poderoso del mundo. El viento me arrastra y me lleva de un lado a otro, sin que yo pueda resistí a su voluntad. /n15. Iba el mago a ofrecer al viento la mano de la muchacha, cuando observó que se estrellaba contra una poderosa montaña, rugiendo furiosamente; y no la movía ni una pulgada; por lo cual ofreció su ahijada a la montaña, recibiendo esta sorprendente propuesta: /n16. -¿Dónde está mi poder? Sólo tengo resistencia inerte. Las tormentas se disipan en su golpe violento contra mí, pero soy incapaz de obrar; no puedo moverme; nada puedo hacer. Aquel ratoncito que excavó su madriguera a mis pies es más fuerte que yo, puesto que no puedo impedir que roa mis entrañas para hacer en ellas su vivienda. /n17. El mago se maravilló del resultado de su búsqueda; pero luego comprendió que cada ser tiene una fuerza superior, que es la fuerza de su propia naturaleza. Entonces devolvió a la joven su condición natural, y come vio que era un ratoncito hembra, llamó al ratón que había labrado su casa en la montaña, para que ambos formaran un matrimonio feliz, que al fin y al cabo era lo que él deseaba.c/",El texto se puede resumir en los siguientes términos:,"El sol, es el ser más poderoso del universo",,"El mago, hombre sencillo y de apacibles sentimientos",,"Cada ser tiene una fuerza superior, que es la fuerza de su propia naturaleza",,"La fuerza superior de un ratoncito, comparada con la de una montaña",,Respuesta_c
ECOEMS 2026,Español,Español,10,Lee con atención el siguiente texto y contesta las preguntas /b5 - 11.b/ /n/b/cEl ser más poderoso del mundoc/b/,,"/c1. Un mago de la india pasaba cierta tarde por la orilla del río Ganges, el gran río sagrado de los brahamanistas y budistas. /n2. De repente oyó fuerte aleteo sobre su cabeza y, movido por la curiosidad, alzó la mirada y vio un búho que llevaba un ratoncito en el pico. /n3. El mago prorrumpió en grandes gritos y agitó los brazos para asustar al búho; éste dejó caer, en efecto, a ratoncito, que quedó en el suelo como muerto. /n4. El mago lo recogió, lo curó, y después, usando su poder mágico lo convirtió en una lindísima jovencita. La contempló con agrado y le habló de esta suerte: /n5. -Vamos, mi linda niña, ¿a quien desearías como esposo? Dime tu pensamiento, pues mi poder es grande y no hay duda de que alcanzaré a satisfacer tus aspiraciones. /n6.	La joven, que ya no se acordaba de su humilde estado anterior, exclamó: /n7. -Quiero por marido al ser más poderoso del universo. /n8. Esta respuesta no satisfizo mucho al mago, que era hombre sencillo y de apacibles sentimientos; pero como también era fiel a su palabra, se dispuso a cumplir los deseos de su ahijada. /n9. -El sol-, es el ser más poderoso del universo. Es la luz del mundo y el calor de la vida. Será tu esposo. /n10. Y volviéndose hacia el astro bienhechor, que en aquel momento resplandecía en medio de los cielos, le suplicó que aceptara la mano de la joven. Mas he aquí que el sol, que había escuchado toda la plática. respondió: /n11.	-Con gusto me casaría con la joven, pues es muy bonita, pero no soy el más poderoso. ¿Cómo puedo serlo, si una nube ligera puede eclipsarme y dejarme en la sombra? /n12. Y pronto quedó probado, porque en aquel instante pasó una nube y oscureció al sol. /n13. Entonces el mago pidió a la nube que se casara con su ahijada, pero la nube respondió: /n14. -Con mucho gusto lo haría; pues es muy bonita; mas tampoco soy el ser más poderoso del mundo. El viento me arrastra y me lleva de un lado a otro, sin que yo pueda resistí a su voluntad. /n15. Iba el mago a ofrecer al viento la mano de la muchacha, cuando observó que se estrellaba contra una poderosa montaña, rugiendo furiosamente; y no la movía ni una pulgada; por lo cual ofreció su ahijada a la montaña, recibiendo esta sorprendente propuesta: /n16. -¿Dónde está mi poder? Sólo tengo resistencia inerte. Las tormentas se disipan en su golpe violento contra mí, pero soy incapaz de obrar; no puedo moverme; nada puedo hacer. Aquel ratoncito que excavó su madriguera a mis pies es más fuerte que yo, puesto que no puedo impedir que roa mis entrañas para hacer en ellas su vivienda. /n17. El mago se maravilló del resultado de su búsqueda; pero luego comprendió que cada ser tiene una fuerza superior, que es la fuerza de su propia naturaleza. Entonces devolvió a la joven su condición natural, y come vio que era un ratoncito hembra, llamó al ratón que había labrado su casa en la montaña, para que ambos formaran un matrimonio feliz, que al fin y al cabo era lo que él deseaba.c/","Los párrafos 11, 14 y 16 se relacionan porque sus personajes hablan de su:",Influencia de poder,,Desprecio,,Apatía respecto a la joven,,Poder sobre otros elementos,,Respuesta_a
ECOEMS 2026,Español,Español,11,Lee con atención el siguiente texto y contesta las preguntas /b5 - 11.b/ /n/b/cEl ser más poderoso del mundoc/b/,,"/c1. Un mago de la india pasaba cierta tarde por la orilla del río Ganges, el gran río sagrado de los brahamanistas y budistas. /n2. De repente oyó fuerte aleteo sobre su cabeza y, movido por la curiosidad, alzó la mirada y vio un búho que llevaba un ratoncito en el pico. /n3. El mago prorrumpió en grandes gritos y agitó los brazos para asustar al búho; éste dejó caer, en efecto, a ratoncito, que quedó en el suelo como muerto. /n4. El mago lo recogió, lo curó, y después, usando su poder mágico lo convirtió en una lindísima jovencita. La contempló con agrado y le habló de esta suerte: /n5. -Vamos, mi linda niña, ¿a quien desearías como esposo? Dime tu pensamiento, pues mi poder es grande y no hay duda de que alcanzaré a satisfacer tus aspiraciones. /n6.	La joven, que ya no se acordaba de su humilde estado anterior, exclamó: /n7. -Quiero por marido al ser más poderoso del universo. /n8. Esta respuesta no satisfizo mucho al mago, que era hombre sencillo y de apacibles sentimientos; pero como también era fiel a su palabra, se dispuso a cumplir los deseos de su ahijada. /n9. -El sol-, es el ser más poderoso del universo. Es la luz del mundo y el calor de la vida. Será tu esposo. /n10. Y volviéndose hacia el astro bienhechor, que en aquel momento resplandecía en medio de los cielos, le suplicó que aceptara la mano de la joven. Mas he aquí que el sol, que había escuchado toda la plática. respondió: /n11.	-Con gusto me casaría con la joven, pues es muy bonita, pero no soy el más poderoso. ¿Cómo puedo serlo, si una nube ligera puede eclipsarme y dejarme en la sombra? /n12. Y pronto quedó probado, porque en aquel instante pasó una nube y oscureció al sol. /n13. Entonces el mago pidió a la nube que se casara con su ahijada, pero la nube respondió: /n14. -Con mucho gusto lo haría; pues es muy bonita; mas tampoco soy el ser más poderoso del mundo. El viento me arrastra y me lleva de un lado a otro, sin que yo pueda resistí a su voluntad. /n15. Iba el mago a ofrecer al viento la mano de la muchacha, cuando observó que se estrellaba contra una poderosa montaña, rugiendo furiosamente; y no la movía ni una pulgada; por lo cual ofreció su ahijada a la montaña, recibiendo esta sorprendente propuesta: /n16. -¿Dónde está mi poder? Sólo tengo resistencia inerte. Las tormentas se disipan en su golpe violento contra mí, pero soy incapaz de obrar; no puedo moverme; nada puedo hacer. Aquel ratoncito que excavó su madriguera a mis pies es más fuerte que yo, puesto que no puedo impedir que roa mis entrañas para hacer en ellas su vivienda. /n17. El mago se maravilló del resultado de su búsqueda; pero luego comprendió que cada ser tiene una fuerza superior, que es la fuerza de su propia naturaleza. Entonces devolvió a la joven su condición natural, y come vio que era un ratoncito hembra, llamó al ratón que había labrado su casa en la montaña, para que ambos formaran un matrimonio feliz, que al fin y al cabo era lo que él deseaba.c/",Una característica principal de la ahijada del mago era su amor por:,Lo poderoso,,La humildad,,Los ratoncitos,,Los astros,,Respuesta_a
ECOEMS 2026,Español,Español,12,"En las preguntas /b12 - 31b/, selecciona la opción cuyo significado sea /bOPUESTOb/ al de la palabra en mayúscula.",,,Parece un /bESTRECHOb/ de la brisa que no permite ver el cielo.,Angosto,,Grueso,,Holgado,,Justo,,Respuesta_c
ECOEMS 2026,Español,Español,13,"En las preguntas /b12 - 31b/, selecciona la opción cuyo significado sea /bOPUESTOb/ al de la palabra en mayúscula.",,,Una serie de políticos /bABRUMARONb/ a la multitud.,Oprimieron,,Atosigaron,,Agobiaron,,Divirtieron,,Respuesta_d
ECOEMS 2026,Español,Español,14,"En las preguntas /b12 - 31b/, selecciona la opción cuyo significado sea /bOPUESTOb/ al de la palabra en mayúscula.",,,El benemérito de las américas fue un hombre /bOSADOb/.,Atrevido,,Brío,,Intrépido,,Corto,,Respuesta_d
ECOEMS 2026,Español,Español,15,"En las preguntas /b12 - 31b/, selecciona la opción cuyo significado sea /bOPUESTOb/ al de la palabra en mayúscula.",,,En los partidos políticos de México solo existe /bFRICCIÓNb/.,Avenencia,,Roce,,Discordia,,Pleito,,Respuesta_a
ECOEMS 2026,Español,Español,16,"En las preguntas /b12 - 31b/, selecciona la opción cuyo significado sea /bOPUESTOb/ al de la palabra en mayúscula.",,,La única /bALTERNATIVAb/ es depositar la basura en su lugar.,Disyuntiva,,Certidumbre,,Opción,,Elección,,Respuesta_b
ECOEMS 2026,Español,Español,17,"En las preguntas /b12 - 31b/, selecciona la opción cuyo significado sea /bOPUESTOb/ al de la palabra en mayúscula.",,,Y juntos /bCOMPRENDIMOSb/ la caminata entre la arena pesada.,Vislumbramos,,Percibimos,,Concebimos,,Ignoramos,,Respuesta_d
ECOEMS 2026,Español,Español,18,"En las preguntas /b12 - 31b/, selecciona la opción cuyo significado sea /bOPUESTOb/ al de la palabra en mayúscula.",,,El sueño me tenía /bRENDIDOb/ y mis manos no obedecían.,Sometido,,Reanimado,,Entregado,,Cansado,,Respuesta_b
ECOEMS 2026,Español,Español,19,"En las preguntas /b12 - 31b/, selecciona la opción cuyo significado sea /bOPUESTOb/ al de la palabra en mayúscula.",,,No hay razón para /bATEMORIZARSEb/.,Animarse,,Intimidarse,,Alarmarse,,Aterrarse,,Respuesta_a
ECOEMS 2026,Español,Español,20,"En las preguntas /b12 - 31b/, selecciona la opción cuyo significado sea /bOPUESTOb/ al de la palabra en mayúscula.",,,Una /bRÁFAGAb/ fría la hizo abrir los ojos sobresaltada.,Racha,,Borrasca,,Brisa,,Ventrolera,,Respuesta_c
ECOEMS 2026,Español,Español,21,"En las preguntas /b12 - 31b/, selecciona la opción cuyo significado sea /bOPUESTOb/ al de la palabra en mayúscula.",,,El profesor era muy /bSEVEROb/ con sus alumnos.,Riguroso,,Benigno,,Cruel,,Estricto,,Respuesta_b
ECOEMS 2026,Español,Español,22,"En las preguntas /b12 - 31b/, selecciona la opción cuyo significado sea /bOPUESTOb/ al de la palabra en mayúscula.",,,La película me pareció muy /bABURRIDAb/ y larga.,Divertida,,Interesante,,Pesada,,Entretenida,,Respuesta_a
ECOEMS 2026,Español,Español,23,"En las preguntas /b12 - 31b/, selecciona la opción cuyo significado sea /bOPUESTOb/ al de la palabra en mayúscula.",,,El niños estaba muy /bCONTENTOb/ con su regalo.,Feliz,,Triste,,Alegre,,Descontento,,Respuesta_b
ECOEMS 2026,Español,Español,24,"En las preguntas /b12 - 31b/, selecciona la opción cuyo significado sea /bOPUESTOb/ al de la palabra en mayúscula.",,,El clima era muy /bFRÍOb/ en invierno.,Helado,,Templado,,Caliente,,Cálido,,Respuesta_c
ECOEMS 2026,Español,Español,25,"En las preguntas /b12 - 31b/, selecciona la opción cuyo significado sea /bOPUESTOb/ al de la palabra en mayúscula.",,,El libro era muy /bGRUESOb/ y pesado.,Delgado,,Fino,,Ancho,,Estrecho,,Respuesta_a
ECOEMS 2026,Español,Español,26,"En las preguntas /b12 - 31b/, selecciona la opción cuyo significado sea /bOPUESTOb/ al de la palabra en mayúscula.",,,El coche era muy /bRÁPIDOb/,Veloz,,Lento,,Ágil,,Torpe,,Respuesta_b
ECOEMS 2026,Español,Español,27,"En las preguntas /b12 - 31b/, selecciona la opción cuyo significado sea /bOPUESTOb/ al de la palabra en mayúscula.",,,El jardín estaba muy /bDESCUIDADOb/ y sucio.,Arreglado,,Limpio,,Cuidado,,Ordenado,,Respuesta_c
ECOEMS 2026,Español,Español,28,"En las preguntas /b12 - 31b/, selecciona la opción cuyo significado sea /bOPUESTOb/ al de la palabra en mayúscula.",,,El examen era muy /bFÁCILb/ y corto.,Sencillo,,Difícil,,Simple,,Complicado,,Respuesta_b
ECOEMS 2026,Español,Español,29,"En las preguntas /b12 - 31b/, selecciona la opción cuyo significado sea /bOPUESTOb/ al de la palabra en mayúscula.",,,El perro era muy /bMANSOb/ y cariñoso.,Dócil,,Bravo,,Fiel,,Agresivo,,Respuesta_d
ECOEMS 2026,Español,Español,30,"En las preguntas /b12 - 31b/, selecciona la opción cuyo significado sea /bOPUESTOb/ al de la palabra en mayúscula.",,,El paisaje era muy /bHERMOSOb/ y colorido.,Bello,,Feo,,Bonito,,Horrible,,Respuesta_b
ECOEMS 2026,Español,Español,31,"En las preguntas /b12 - 31b/, selecciona la opción cuyo significado sea /bOPUESTOb/ al de la palabra en mayúscula.",,,El vino era muy /bDULCEb/ y suave.,Amargo,,Seco,,Ácido,,Salado,,Respuesta_a
ECOEMS 2026,Español,Español,32,"En las preguntas /b32 - 49b/, selecciona la opción cuyo significado sea /bSIMILARb/ al de la palabra en mayúscula.",,,"También en esta ocasión, los /bPAÍSESb/ desarrollados vuelven a abusar de un planeta que pertenece a todos.",Asiáticos,,Municipios,,Condados,,Territorios,,Respuesta_d
ECOEMS 2026,Español,Español,33,"En las preguntas /b32 - 49b/, selecciona la opción cuyo significado sea /bSIMILARb/ al de la palabra en mayúscula.",,,"El sol sale cada día, va /bTOCANDOb/ en cada casa de un golpe con su bastón.",Separándose,,Respetando,,Palpando,,Soltando,,Respuesta_c
ECOEMS 2026,Español,Español,34,"En las preguntas /b32 - 49b/, selecciona la opción cuyo significado sea /bSIMILARb/ al de la palabra en mayúscula.",,,"Los países /bALIADOSb/ que originan el hambre y la pobreza sin duda son Estados Unidos e Inglaterra.",Competidores,,Adversarios,,Discordantes,,Confederados,,Respuesta_d
ECOEMS 2026,Español,Español,35,"En las preguntas /b32 - 49b/, selecciona la opción cuyo significado sea /bSIMILARb/ al de la palabra en mayúscula.",,,"Algunos /bDIPUTADOSb/ conspiraron contra la misma República Mexicana.",Gobernadores,,Ciudadanos,,Compañeros,,Legisladores,,Respuesta_d
ECOEMS 2026,Español,Español,36,"En las preguntas /b32 - 49b/, selecciona la opción cuyo significado sea /bSIMILARb/ al de la palabra en mayúscula.",,,"La mayor parte de las neuronas se /bENCUENTRANb/ en el cerebro..",Ausentan,,Separan,,Localizan,,Pactan,,Respuesta_c
ECOEMS 2026,Español,Español,37,"En las preguntas /b32 - 49b/, selecciona la opción cuyo significado sea /bSIMILARb/ al de la palabra en mayúscula.",,,"Morelos: el Siervo de la Nación fue un hombre /bEXTRAORDINARIOb/..",Excepcional,,Habitual,,Común,,Insignificante,,Respuesta_a
ECOEMS 2026,Español,Español,38,"En las preguntas /b32 - 49b/, selecciona la opción cuyo significado sea /bSIMILARb/ al de la palabra en mayúscula.",,,"Así /bSALEb/ el Cid. de las tierras de Vivar, y se encamina hacia Burgos.",Confronta,,Modera,,Parte,,Inicia,,Respuesta_c
ECOEMS 2026,Español,Español,39,"En las preguntas /b32 - 49b/, selecciona la opción cuyo significado sea /bSIMILARb/ al de la palabra en mayúscula.",,,"Guillermo Prieto se impulsó ante los rifles que /bAMENAZABANb/ y gritó; ""¡Levante las armas!, Los valientes no asesinan"".",Gobernadores,,Abrigaban,,Idolatrabajn,,Retaban,,Respuesta_d
ECOEMS 2026,Español,Español,40,"En las preguntas /b32 - 49b/, selecciona la opción cuyo significado sea /bSIMILARb/ al de la palabra en mayúscula.",,,"El cielo estaba muy /bAZULb/ y despejado.",Celeste,,Rojo,,Turqueza,,Nublado,,Respuesta_a
ECOEMS 2026,Español,Español,41,"En las preguntas /b32 - 49b/, selecciona la opción cuyo significado sea /bSIMILARb/ al de la palabra en mayúscula.",,,"El pastel estaba muy /bDULCEb/ y rico.",Amargo,,Salado,,Sabroso,,Ácido,,Respuesta_c
ECOEMS 2026,Español,Español,42,"En las preguntas /b32 - 49b/, selecciona la opción cuyo significado sea /bSIMILARb/ al de la palabra en mayúscula.",,,"El gato era muy /bMIEDOSOb/ y esquivo.",Valiente,,Temeroso,,Arisco,,Cariñoso,,Respuesta_b
ECOEMS 2026,Español,Español,43,"En las preguntas /b32 - 49b/, selecciona la opción cuyo significado sea /bSIMILARb/ al de la palabra en mayúscula.",,,"El bosque era muy /bVERDEb/ y frondoso.",Amarillo,,Seco,,Esmeralda,,Desierto,,Respuesta_c
ECOEMS 2026,Español,Español,44,"En las preguntas /b32 - 49b/, selecciona la opción cuyo significado sea /bSIMILARb/ al de la palabra en mayúscula.",,,"El niño era muy /bINTELIGENTEb/ y curioso.",Tonto,,Listo,,Sabio,,Ignorante,,Respuesta_b
ECOEMS 2026,Español,Español,45,"En las preguntas /b32 - 49b/, selecciona la opción cuyo significado sea /bSIMILARb/ al de la palabra en mayúscula.",,,"El coche era muy /bANTIGUOb/ y ruidoso.",Nuevo,,Viejo,,Moderno,,Silencioso,,Respuesta_b
ECOEMS 2026,Español,Español,46,"En las preguntas /b32 - 49b/, selecciona la opción cuyo significado sea /bSIMILARb/ al de la palabra en mayúscula.",,,"El libro era muy /bINTERESANTEb/ y original.",Aburrido,,Fascinante,,Entretenido,,Copiado,,Respuesta_d
ECOEMS 2026,Español,Español,47,"En las preguntas /b32 - 49b/, selecciona la opción cuyo significado sea /bSIMILARb/ al de la palabra en mayúscula.",,,"El perro era muy /bFIELb/ y leal.",Infiel,,Traicionero,,Amigo,,Desleal,,Respuesta_c
ECOEMS 2026,Español,Español,48,"En las preguntas /b32 - 49b/, selecciona la opción cuyo significado sea /bSIMILARb/ al de la palabra en mayúscula.",,,"El examen era muy /bDIFÍCILb/ y largo.",Fácil,,Complicado,,Sencillo,,Complejo,,Respuesta_b
ECOEMS 2026,Español,Español,49,"En las preguntas /b32 - 49b/, selecciona la opción cuyo significado sea /bSIMILARb/ al de la palabra en mayúscula.",,,"El paisaje era muy /bTRISTEb/ y gris.",Alegre,,Melancólico,,Feliz,,Colorido,,Respuesta_b
ECOEMS 2026,Español,Español,50,¿En qué palabra está /usubrayadau/ la /bSÍLABA TÓNICAb/?,,,,/u/bEsb/u/crito,,Pala/u/bbrab/u/,,/u/bRob/u/bo,,/u/bInb/u/justicia,,Respuesta_a
ECOEMS 2026,Español,Español,51,¿Cuál es la categoría gramatical de las palabras escritas en /bNEGRITASb/ en el siguiente fragmento?,,,"La /btristezab/ consumió el rostro de la princesa, pero su padrino la curó con sus palabras /bcomprensivasb/.",Artículos,,Adjetivos,,Adverbios,,Sustantivos,,Respuesta_b
ECOEMS 2026,Español,Español,52,¿Qué enunciado contiene una /bPREPOSICIÓNb/?,,,,Me gusta ser buen estudainte.,,Comí plátanos hoy.,,Compré un sombrero para papá.,,No cantó ni bailó.,,Respuesta_c
ECOEMS 2026,Español,Español,53,¿Qué enunciado contiene un /bARTÍCULOb/?,,,,Tengo planes para esta tarde del finde semana.,,No quiero comerme las verduras.,,Quiero ver alguna serie de televisión.,,Ayer visité a mis abuelos en Nueva York.,,Respuesta_b
ECOEMS 2026,Español,Español,54,"En la siguiente oración, ¿Cuál es el /bSUSTANTIVOb/ que cumple con la función de /u/bNÚCLEO DEL SUJETOb/u/?",,,Un /u/blujoso carrob/u/ de /u/bpuertas rojasb/u/ corría por la bajada.,Lujoso,,Carro,,Puertas,,Un,,Respuesta_b
ECOEMS 2026,Español,Español,55,¿Cuál de las siguientes oraciones contiene un /bPREDICADO NOMAINALb/?,,,,El burro cargaba mucho.,,La casa es hermosa y vistosa.,,El viernes no hay clases.,,¿Jugaré hoy?,,Respuesta_b
ECOEMS 2026,Español,Español,56,"En la construcción,""Un rayo resplandeció y un árbol se estremeció"".",,,Hay ________ oraciones simples.,Dos,,Tres,,Cuatro,,Cinco,,Respuesta_a
ECOEMS 2026,Español,Español,57,Relaciona los elementos de la siguiente /bORACIÓNb/ con su función.,,/u/bJuanb/u/ /u/bleeb/u/ /u/bunab/u/ /u/bnovelab/u/ /u/bdramáticab/u/ /n/nJuan - a /nlee - b /nuna - c /nnovela - d /ndramática - e,/bFUNCIÓNb/: /n/n1. Artículo. /n2. Nombre propio. /n3. Adjetivo. /n4. Verbo. /n5. Sustantivo.,"1c, 2a, 3e, 4d, 5b",,"1a, 2b, 3c, 4d, 5e",,"1c, 2a, 3d, 4b, 5e",,"1c, 2a, 3e, 4b, 5d",,Respuesta_d
ECOEMS 2026,Español,Español,58,¿Cuál es el objeto /bINDIRECTOb/ en la siguiente oración?,,,El profesor de matemáticas dió calificaciones a sus alumnos.,A sus alumnos,,El profesor,,Dió,,De matemáticas,,Respuesta_a
ECOEMS 2026,Español,Español,59,Una variación /bLINGÜISTICAb/ generacional se encuentra en:,,,,Huerco,,Tú,,Cansáo,,Azteca,,Respuesta_a
ECOEMS 2026,Español,Español,60,¿A qué /bforma de expresión de la lenguab/ corresponde el siguiente texto?,,,Los hijos del primer hombre y la primera mujer mixtecos fundaron la ciudad de Achiutla. Mixteacatl vió al dios de la...,Descripción,,Exposición,,Monólogo,,Narración,,Respuesta_d
ECOEMS 2026,Español,Español,61,¿A qué /btipo de oraciónb/ se refiere?,,,-"El niño estudia matemáticas".,Declarativa,,Interrogativa,,Imperativa,,Exclamativa,,Respuesta_a
ECOEMS 2026,Español,Español,62,"En el siguiente oración, la palabra que se encuentra en /bNEGRITASb/ es:",,,-"Las enormes olas /bbañabanb/ la playa".,Verbo,,Preposición,,Artículo,,Núcleo del predicado,,Respuesta_a
ECOEMS 2026,Español,Español,63,Un /benunciado desiderativob/ se encuentra en:,,,,Un enorme pez fue visto en el río.,,Dáme ese libro de cuentos,,¡Qué tarde es!,,Ojalá apruebe mi examen,,Respuesta_d
ECOEMS 2026,Español,Español,64,En la oración la palabra que se encuentra en /bNEGRITASb/ se refiere al:,,,-"/bEstudiamosb/ la lección de química orgánica e inorgánica".,Artículo,,Objeto indirecto,,Núcleo del sujeto,,Sujeto tácito,,Respuesta_c
ECOEMS 2026,Español,Español,65,En el siguiente texto se han usado /berrónamenteb/ los signos ortográficos.,,Identifica el signo con el que estos errores se corrigieran:,"""El sol sale cada día, va tocando en cada casa, da un golpe con su bastón y suelta una carcajada""",Coma,,Punto,,Raya,,Punto y coma,,Respuesta_b
ECOEMS 2026,Español,Español,66,En la siguiente oración identifica el /bobjeto directob/:,,,"""Los niños del pueblo pintaron ese mural"".",Ese mural,,Pintaron,,Los niños,,Pueblo,,Respuesta_a
ECOEMS 2026,Español,Español,67,En la oración simple:,,"""/uMiu/ /umamáu/ /bleeb/"".",La palabra en /bNEGRITASb/ es:,Verbo,,Adjetivo,,Adverbio,,Sustantivo,,Respuesta_a
ECOEMS 2026,Español,Español,68,¿A qué /bforma de expresión de la lenguab/ corresponde el siguiente texto?,,,"""Un hermoso ser viviente, inteligente y audaz, navega por el imponente océano sin importar el bello atardecer cercano. Este es un hermoso delfín"".",Narración,,Descripción,,Disertación,,Exposición,,Respuesta_b
ECOEMS 2026,Español,Español,69,En la siguiente oración lo que se encuentra en /bNEGRITASb/ es el:,,,"""El estudiante estudió /bpor la mañanab/"".",Sujeto,,Predicado,,objeto directo,,Complemento circunstancial,,Respuesta_b
ECOEMS 2026,Español,Español,70,De la siguiente oración; ¿Cuál es el mensaje entre el /bemisorb/ y el /breceptorb/?,,,"Era medio día, Pedro encendió la televisión. Gritó a su familia: ""Dense prisa o no verémos el primer gol"". Y en ese instante metiron un gol.",Artículos,,Adjetivos,,Adverbios,,Sustantivos,,Respuesta_b
ECOEMS 2026,Español,Español,71,Dame un melón y /béseb/ también.,,,La palabra en /bNEGRITASb/ corresponde a un:,Verbo,,Sustantivo,,Adjetivo,,Pronombre,,Respuesta_d
ECOEMS 2026,Español,Español,72,"Atendiendo a sus regla ortográfica, una palabra se encuentra escrita /bINCORRECTAMENTEb/.",,,¿Cuá es?,Acariciar,,Moverse,,Planisie,,Impresión,,Respuesta_c
ECOEMS 2026,Español,Español,73,"Atendiendo a sus regla ortográfica, una palabra se encuentra escrita /bCORRECTAMENTEb/.",,,¿Cuá es?,Alli,,Nadar,,Spray,,Deciderativa,,Respuesta_b
ECOEMS 2026,Español,Español,74,¿En qué modo verbal se encuentra la palabra en /bNEGRITASb/?,,,"""Estudié poco, /bojaláb/ pase el examen"".",Indicativo,,Subjuntivo,,Imperativo,,Infinitivo,,Respuesta_b
ECOEMS 2026,Español,Español,75,En la oración; Esa computadora cuesta /bmuchob/ dinero.,,,La palabra en /bNEGRITASb/ es un:,Adverbio de lugar,,Adverbio de modo,,Adverbio de cantidad,,Adverbio de tiempo,,Respuesta_c
ECOEMS 2026,Español,Español,76,Coloca las  grafías correctamente escritas para el siguiente texto:,,"-Horten______ y Pa______o dieron su confe______ al escri______ una carta que no cono______.",Las grafías correctamente escritas son:,"cía, vl, ción, bir, zco",,"cia, bl, sión, bir, zco",,"cía, bl, ción, bir, zco",,"sia, bl, sión, bir, sco",,Respuesta_b
ECOEMS 2026,Español,Español,77,"Son ejemplo de conjunciones copulativas, las propuestan en la opción:",,,,"con, contra, de",,"ando, endo, iendo",,"pero, aunque, salvo",,"y, e, ni",,Respuesta_d
ECOEMS 2026,Español,Español,78,En las siguientes partes de la estructura de un texto la que guarda una relación correcta es la respuesta:,,,I) Tema /nII)Desenlace o conclusión /nIII) Desarrollo /nIV) Idea principal /nV) Introducción,"I, II, III, IV, V",,"I, IV, III, V, II",,"IV, I, V, III, II",,"I, IV, V, III, II",,Respuesta_b
ECOEMS 2026,Español,Español,79,Facultad que tiene el ser humano para comunicar ideas o sentimientos:,,,,Mínima,,Lenguaje,,Emisor,,Habla,,Respuesta_b
ECOEMS 2026,Español,Español,80,En la oración:,,,"""Una niña con moño entró llorando a la iglesia"", el sujeto expreso es:",Una niña,,Entró,,Con moño,,Una niña con moño,,Respuesta_d
ECOEMS 2026,Español,Español,81,Una relación de los siguientes enunciados es:,,,,Ojalá pase mi examen - DESIDERATIVO,,Tal vez estudie mañana - DUBITATIVO,,El niño estudioso - DECLARATIVO,,La casa lujosa - UNIMEMBRE,,Respuesta_a
ECOEMS 2026,Español,Español,82,En la oración:,,,"""La enfermera me dijo que /bvendríab/ hoy a vacunar"". /n/nLa palabra en /bNEGRITASb/ es un verbo:",Modo imperativo,,Modo subjuntivo,,Tiempo pospretérito,,Tiempo pretérito,,Respuesta_b
ECOEMS 2026,Español,Español,83,Un enunciado que muestra /bAPOSICIÓNb/ es la del inciso:,,,,El profesor y la alumna.,,No estudió ni presentó el examen.,,"México, la gran Tecnochtitlán, ciudad inmortal.",,Compré un automóvil inservible.,,Respuesta_c
ECOEMS 2026,Español,Español,84,El /bCOMPLEMENTO DEL SUSTANTIVOb/ de la siguiente oración se encuentra en:,,,,Mínima,,Lenguaje,,Emisor,,Habla,,Respuesta_b
ECOEMS 2026,Español,Español,85,"En el siguiente texto, relaciona la secuencia de los pronombres y adjetivos, que se encuentran en /bNEGRITASb/.",,,"""/bEsteb/ niño vió /bmib/ libro y /balgunasb/ personas vieron otros /b2b/ libros"".",Demostrativo - Posesivo - Indefindo - Numeral,,Demostrativo - Posesivo - Sustantivo - Cuantificador,,Demostrativo - Numeral - Posesivo - Indefinido,,Demostrativo - Indefinido - Numeral - Posesivo,,Respuesta_a
ECOEMS 2026,Español,Español,86,En la oración:,,,"""El perro /bmordió la pelotab/"". /n/nLas letras en /bNEGRITASb/ muestran un:",Predicado nominal,,Adverbio,,Predicado verbal,,Complemento circunstancial,,Respuesta_c
ECOEMS 2026,Español,Español,87,Las conjunciones /bCOPULATIVASb/ son:,,,,"e, u",,"y, o",,"y, e",,"y, e, ni",,Respuesta_d
ECOEMS 2026,Español,Español,88,Una palabra /bAGUDAb/ se encuentra en:,,,,Cuento,,Música,,Exámenes,,León,,Respuesta_d
ECOEMS 2026,Español,Español,89,Una palabra /bGRAVEb/ se encuentra en:,,,,Nada,,Fácil,,Quiero,,Todas,,Respuesta_b
ECOEMS 2026,Español,Español,90,Una palabra /bESDRÚJULAb/ se encuentra en:,,,,Teléfono,,Camión,,Corazón,,Árbol,,Respuesta_a
ECOEMS 2026,Español,Español,91,Una palabra /bSOBREESDÚJULAb/ se encuentra en:,,,,Quebró,,Caníjo,,Débil,,Fuerte,,Respuesta_d
ECOEMS 2026,Español,Español,92,¿Qué es la tilde?,,,,Una pausa breve que indica cuando el lector debe de hacerla,,Tiene un uso dentro de la música contemporánea,,Es un elemento de la gramática del idioma Español,,Ninguna de las anteriores,,Respuesta_c
ECOEMS 2026,Español,Español,93,Un elemento que /bNOb/ corresponde a la narración es:,,,,Personajes,,El tiempo,,Los versos,,El narrador,,Respuesta_c
ECOEMS 2026,Español,Español,94,Relaciona los siguientes /bSIGNOS DE PUNTUACIÓNb/ con su función.,,"/uParéntesisu/ /b()b/ - a /n/uComillas doblesu/ /b""""b/ - b /n/uComau/ /b,b/ - c /n/uGuiónu/ /b-b/ - d /n/uPunto y comau/ /b;b/ - e /n/uPuntou/ /b.b/ - f","/bFUNCIÓNb/: /n1) Entre ellos se escriben palabras de carácter explicativo /n2) Se usan para citar las palabras de otras personas /n3) Se usa para interrumpir un periodo, por no ser necesaria su continuación /n4) Sustituye al paréntesis, indica los diálogos /n5) Indica una pausa menor que el punto /n6) Indica una pausa en la lectura","1a, 2b, 3c, 4d, 5e, 6f",,"1b, 2a, 3, 4c, 5b, 6f",,"1e, 2c, 3d, 4f, 5b, 6a",,"1e, 2c, 3a, 4d, 5b, 6f",,Respuesta_a
ECOEMS 2026,Español,Español,95,El /bacento diacríticob/ se encuentra en:,,,,León,,Gato,,Hipótesis,,Más - Mas,,Respuesta_d
ECOEMS 2026,Español,Español,96,La ficha ________ tiene la función de ayudarnos a conservar los datos de una obra.,,,,mesográfica,,de cita textual,,de trabajo,,bibliográfica,,Respuesta_d
ECOEMS 2026,Español,Español,97,Una palabra /i/bESDRÚJULAb/i/ se encuentra en:,,,,Teléfono,,Camión,,Corazón,,Árbol,,Respuesta_a
ECOEMS 2026,Español,Español,98,Señala el eslogan que pretende lograr un cambio de conducta en el consumidor,,,,La marca Nike distingue.,,"""Coca-Cola"", la chispa de la vida.",,Mezclar alcohol y gasolina mata.,,El agua más sana ""Sol y Nieve"".,,Respuesta_c
ECOEMS 2026,Español,Español,99,Selecciona el ejemplo de texto publicitario donde se exageran las cualidades de un producto.,,,,"""Yo sin Bic, no puedo vivir.""",,"""Mejor, Mejora, Mejoral""",,"""Por su rico sabor casero, Tía Rosa"".",,"""Con el cariño de siempre, Bimbo"".",,Respuesta_a
ECOEMS 2026,Español,Español,100,Señana la oración en la que la ambigüedad sintáctica genera un cambio de significado:,,,,María vió al hombre con el telescopio.,,El gato duerme sobre la alfombra.,,Juan corre rápido todos los días.,,La profesora explicó la lección.,,Respuesta_a
ECOEMS 2026,Español,Español,101,En el fragmento:,,"""/uCuandou/ la verdad se esconde tras el velo de las apariencias, siempre hay indicios que la revelan"".",¿Cuál es la función principal del conector /bcuandob/?,Introducir una causa.,,Introducir una consecuencia.,,Introducir una concesión.,,Introducir una condición.,,Respuesta_a
ECOEMS 2026,Español,Español,102,"En las preguntas /b102 - 113b/, selecciona la opción cuyo significado sea /bHOMÓNIMOb/ al de la palabra en mayúscula.",,,El /bbancob/ estaba cerrado cuando llegué.,Asiento,,Institución financiera,,Madera,,Puente,,Respuesta_b
ECOEMS 2026,Español,Español,103,"En las preguntas /b102 - 113b/, selecciona la opción cuyo significado sea /bHOMÓNIMOb/ al de la palabra en mayúscula.",,,Me /bsentéb/ en la banca del parque.,Posé,,Quebré,,Acosté,,Rodé,,Respuesta_a
ECOEMS 2026,Español,Español,104,"En las preguntas /b102 - 113b/, selecciona la opción cuyo significado sea /bHOMÓNIMOb/ al de la palabra en mayúscula.",,,Fue realmente difícil encontrar la /bcurab/ para él.,Sacerdote,,Persona,,Remedio,,Hospital,,Respuesta_c
ECOEMS 2026,Español,Español,105,"En las preguntas /b102 - 113b/, selecciona la opción cuyo significado sea /bHOMÓNIMOb/ al de la palabra en mayúscula.",,,Las personas antiguamente utilizaban demasiadas /bcandelasb/ en su día a día.,Bremas,,Medias,,Velas,,Telas,,Respuesta_c
ECOEMS 2026,Español,Español,106,"En las preguntas /b102 - 113b/, selecciona la opción cuyo significado sea /bHOMÓNIMOb/ al de la palabra en mayúscula.",,,El ratón fué /batrapadob/ por el gato.,Raptado,,Capturado,,Comido,,Tragado,,Respuesta_b
ECOEMS 2026,Español,Español,107,"En las preguntas /b102 - 113b/, selecciona la opción cuyo significado sea /bHOMÓNIMOb/ al de la palabra en mayúscula.",,,El gato hidráulico /blevantób/ el auto.,Creció,,Rozó,,Escaló,,Elevó,,Respuesta_d
ECOEMS 2026,Español,Español,108,"En las preguntas /b102 - 113b/, selecciona la opción cuyo significado sea /bHOMÓNIMOb/ al de la palabra en mayúscula.",,,La /breunión/ de los grandes políticos fue todo un éxito.,Cúmulo,,Presentación,,Representación,,Ponencia,,Respuesta_a
ECOEMS 2026,Español,Español,109,"En las preguntas /b102 - 113b/, selecciona la opción cuyo significado sea /bHOMÓNIMOb/ al de la palabra en mayúscula.",,,La maderá se taló /bmundab/.,Sucia,,Limpia,,Agrietada,,Rota,,Respuesta_b
ECOEMS 2026,Español,Español,110,"En las preguntas /b102 - 113b/, selecciona la opción cuyo significado sea /bHOMÓNIMOb/ al de la palabra en mayúscula.",,,La luz /biridiscienteb/ cautivó al mundo entero.,Perfecta,,Brillante,,Extraordinaria,,Luminosa,,Respuesta_d
ECOEMS 2026,Español,Español,111,"En las preguntas /b102 - 113b/, selecciona la opción cuyo significado sea /bHOMÓNIMOb/ al de la palabra en mayúscula.",,,El fue /bresilienteb/ con su ex-pareja.,Regresó,,Superó,,Sobrepensó,,Extrañó,,Respuesta_b
ECOEMS 2026,Español,Español,112,"En las preguntas /b102 - 113b/, selecciona la opción cuyo significado sea /bHOMÓNIMOb/ al de la palabra en mayúscula.",,,Los exámenes de química habrán sido /bímprobosb/.,Regalados,,Fáciles,,Nulos,,Difíciles,,Respuesta_d
ECOEMS 2026,Español,Español,113,"En las preguntas /b102 - 113b/, selecciona la opción cuyo significado sea /bHOMÓNIMOb/ al de la palabra en mayúscula.",,,Carlota estaba haciendo muchos /bademanesb/.,Movimientos,,Gestos,,Expresiones,,Groserías,,Respuesta_a
ECOEMS 2026,Español,Español,114,¿Qué es una palabra /bpolisílabab/?,,,,Carece de un número de sílabas,,Contiene 4 o más sílabas,,Una sílaba polinominal,,Ninguna de las anteriores,,Respuesta_b
ECOEMS 2026,Español,Español,115,¿Cuál oración está escrita correctamente?,,,,el perro corre rapido,,El perro corre rapido.,,El perro corre rápido,,El perro corre rápido.,,Respuesta_d
ECOEMS 2026,Español,Español,116,¿Cuál oración presenta un /buso correcto de la comab/?,,,,Cuando llegues avísame por favor.,,"Cuando llegues, avísame por favor.",,"Cuando , llegues avísame por favor.",,"Cuando llegues avísame, por favor",,Respuesta_b
ECOEMS 2026,Español,Español,117,¿Cuál es el /bcomplemento directob/ en: "Ana compró un libro"?,,,,Ana,,compró,,un libro,,libro,,Respuesta_c
ECOEMS 2026,Español,Español,118,¿Cuál oración está escrita correctamente con su /btilde diacríticab/?,,,,El quiere mas café.,,El quiere más café.,,El quiere más cafe,,El quiere mas café,,Respuesta_b
ECOEMS 2026,Español,Español,119,¿Qué tipo de palabra es "/baunqueb/"?,,,,Preposición,,Adverbio,,Conjunción,,Interjección,,Respuesta_c
ECOEMS 2026,Español,Español,120,¿Cuál es el /bsujetob/ en la oración: "Los alumnos terminaron el examen"?,,,,Los alumnos,,terminaron,,el examen,,alumnos terminaron,,Respuesta_a
ECOEMS 2026,Español,Español,121,¿En cuál oración hay un /bhiatob/?,,,,Cuidado con el fuego.,,María estudia mucho.,,Tierra fértil.,,Ciudad grande.,,Respuesta_b
ECOEMS 2026,Español,Español,122,Analiza las siguientes oraciones e identifica cuál es la correcta:,,,,Hubieron muchos problemas.,,Ubo muchos problemas.,,Ubieron muchos problemas.,,Hubo muchos problemas.,,Respuesta_d
ECOEMS 2026,Español,Español,123,¿Cuá oración está en /bvoz pasivab/?,,,,El profesor explica el ejercicio.,,El ejercicio fue explicado por el profesor.,,El profesor explicó el ejercicio.,,El profesor está explicando.,,Respuesta_b
ECOEMS 2026,Español,Español,124,¿Cuál opción presenta un uso correcto del /bgerundiob/?,,,,Se cayó rompiéndose la pierna.,,Hizo la atrea terminándola hasta tarde.,,Salió perdiendo el partido.,,Entró corriendo al salón.,,Respuesta_d
ECOEMS 2026,Español,Español,125,¿Cuál opción presenta un uso correcto del /bpretérito imperfectob/?,,,,Ayer caminaba al mercado.,,"Cuando era niño, jugaba en el parque.",,Ayer jugaba fútbol y gané.,,Caminaba ayer al cine.,,Respuesta_d
ECOEMS 2026,Español,Español,126,¿Cuál opción presenta un uso correcto del /bfuturo de probabilidadb/?,,,,Mañana viajaré a Madrid.,,Tendré que estudiar más,,Serán las ocho de la noche.,,Voy a comer ahora.,,Respuesta_c
ECOEMS 2026,Español,Español,127,¿Cuál opción presenta un uso correcto del /bimperativob/?,,,,No comes eso.,,Comes eso,,Come eso.,,Comer eso.,,Respuesta_c
ECOEMS 2026,Español,Español,128,¿Cuál opción presenta un uso correcto del /binfinitivob/?,,,,"Al llegó, emepzó a hablar.",,"Al llegar, empezó a hablar.",,"Llegando, empezó a hablar.",,"Llegó a habalando.",,Respuesta_b
ECOEMS 2026,Matemáticas,Matemáticas,1,Resuelve la siguiente operación con signo:,,,/f (+9) + (+7) = f/,/f +14 f/,,/f -14 f/,,/f -16 f/,,/f +16 f/,,Respuesta_d
ECOEMS 2026,Matemáticas,Matemáticas,2,Resuelve la siguiente operación con signo:,,,/f (+8) + (-4) = f/,/f +2 f/,,/f +4 f/,,/f -4 f/,,/f -2 f/,,Respuesta_b
ECOEMS 2026,Matemáticas,Matemáticas,3,Resuelve la siguiente operación con signo:,,,/f (-5) + (+12) = f/,/f +5 f/,,/f +6 f/,,/f +7 f/,,/f -7 f/,,Respuesta_c
ECOEMS 2026,Matemáticas,Matemáticas,4,Resuelve la siguiente operación con signo:,,,/f (-6) + (-3) = f/,/f -8 f/,,/f -9 f/,,/f +9 f/,,/f +8 f/,,Respuesta_b
ECOEMS 2026,Matemáticas,Matemáticas,5,Resuelve la siguiente operación con signo:,,,/f (+15) - (+5) = f/,/f +10 f/,,/f -10 f/,,/f +9 f/,,/f -9 f/,,Respuesta_a
ECOEMS 2026,Matemáticas,Matemáticas,6,Resuelve la siguiente operación con signo:,,,/f (+7) - (-10) = f/,/f +15 f/,,/f +16 f/,,/f +17 f/,,/f -17 f/,,Respuesta_c
ECOEMS 2026,Matemáticas,Matemáticas,7,Resuelve la siguiente operación con signo:,,,/f (-4) - (+8) = f/,/f -14 f/,,/f -12 f/,,/f +12 f/,,/f +14 f/,,Respuesta_b
ECOEMS 2026,Matemáticas,Matemáticas,8,Resuelve la siguiente operación con signo:,,,/f (-10) - (+2) = f/,/f -12 f/,,/f -10 f/,,/f -8 f/,,/f +8 f/,,Respuesta_a
ECOEMS 2026,Matemáticas,Matemáticas,9,Resuelve la siguiente operación con signo:,,,/f (+7) x (+8) = f/,/f +50 f/,,/f +52 f/,,/f +54 f/,,/f +56 f/,,Respuesta_d
ECOEMS 2026,Matemáticas,Matemáticas,10,Resuelve la siguiente operación con signo:,,,/f (+9) x (-6) = f/,/f -54 f/,,/f -56 f/,,/f -58 f/,,/f -60 f/,,Respuesta_a
ECOEMS 2026,Matemáticas,Matemáticas,11,Resuelve la siguiente operación con signo:,,,/f (-5) x (+3) = f/,/f 8 f/,,/f -15 f/,,/f 15 f/,,/f -8 f/,,Respuesta_b
ECOEMS 2026,Matemáticas,Matemáticas,12,Resuelve la siguiente operación con signo:,,,/f (-9) x (-8) = f/,/f -72 f/,,/f 17 f/,,/f 72 f/,,/f -17 f/,,Respuesta_c
ECOEMS 2026,Matemáticas,Matemáticas,13,Resuelve la siguiente operación con signo:,,,/f (+72) ÷ (+9) = f/,/f +8 f/,,/f -63 f/,,/f 63 f/,,/f -8 f/,,Respuesta_a
ECOEMS 2026,Matemáticas,Matemáticas,14,Resuelve la siguiente operación con signo:,,,/f (+63) ÷ (-7) = f/,/f -56 f/,,/f +9 f/,,/f -56 f/,,/f -9 f/,,Respuesta_d
ECOEMS 2026,Matemáticas,Matemáticas,15,Resuelve la siguiente operación con signo:,,,/f (-81) ÷ (+9) = f/,/f -72 f/,,/f -9 f/,,/f 72 f/,,/f -17 f/,,Respuesta_b
ECOEMS 2026,Matemáticas,Matemáticas,16,Resuelve la siguiente operación con signo:,,,/f (-56) ÷ (-8) = f/,/f +5 f/,,/f +6 f/,,/f +7 f/,,/f -7 f/,,Respuesta_c
ECOEMS 2026,Matemáticas,Matemáticas,17,Resuelve la siguiente operación con números racionales:,,,/f \frac{1}{2} +\frac{1}{2} = f/,/f \frac{1}{3} f/,,/f \frac{2}{3} f/,,/f \frac{1}{1} f/,,/f \frac{3}{2} f/,,Respuesta_c
ECOEMS 2026,Matemáticas,Matemáticas,18,Resuelve la siguiente operación con números racionales:,,,/f \frac{3}{4} +\frac{2}{5} = f/,/f \frac{1}{2} f/,,/f \frac{23}{20} f/,,/f \frac{2}{3} f/,,/f \frac{5}{4} f/,,Respuesta_b
ECOEMS 2026,Matemáticas,Matemáticas,19,Resuelve la siguiente operación con números racionales:,,,/f \frac{3}{4} -\frac{1}{2} = f/,/f \frac{1}{3} f/,,/f \frac{1}{2} f/,,/f \frac{2}{3} f/,,/f \frac{1}{4} f/,,Respuesta_d
ECOEMS 2026,Matemáticas,Matemáticas,20,Resuelve la siguiente operación con números racionales:,,,/f \frac{5}{6} -\frac{1}{3} = f/,/f \frac{1}{6} f/,,/f \frac{1}{2} f/,,/f \frac{1}{4} f/,,/f \frac{2}{3} f/,,Respuesta_b
ECOEMS 2026,Matemáticas,Matemáticas,21,Resuelve la siguiente operación con números racionales:,,,/f \frac{2}{3} \times\frac{3}{4} = f/,/f \frac{1}{4} f/,,/f \frac{1}{3} f/,,/f \frac{1}{2} f/,,/f \frac{3}{4} f/,,Respuesta_c
ECOEMS 2026,Matemáticas,Matemáticas,22,Resuelve la siguiente operación con números racionales:,,,/f \frac{4}{5} \times\frac{2}{3} = f/,/f \frac{8}{15} f/,,/f \frac{1}{3} f/,,/f \frac{6}{16} f/,,/f \frac{1}{2} f/,,Respuesta_a
ECOEMS 2026,Matemáticas,Matemáticas,23,Resuelve la siguiente operación con números racionales:,,,/f \frac{3}{4} \div\frac{2}{3} = f/,/f \frac{8}{15} f/,,/f \frac{1}{3} f/,,/f \frac{9}{8} f/,,/f \frac{1}{2} f/,,Respuesta_c
ECOEMS 2026,Matemáticas,Matemáticas,24,Resuelve la siguiente operación con números racionales:,,,/f \frac{5}{6} \div\frac{1}{2} = f/,/f \frac{5}{3} f/,,/f \frac{1}{3} f/,,/f \frac{3}{2} f/,,/f \frac{2}{5} f/,,Respuesta_a
ECOEMS 2026,Matemáticas,Matemáticas,25,Resuelve el siguiente producto notable:,,,/f (x+13)^{2}= f/,/f x^{2}+26x+169 f/,,/f x^{2}+13x+169 f/,,/f x^{2}+26x+169 f/,,/f x^{2}+26x+13 f/,,Respuesta_a
ECOEMS 2026,Matemáticas,Matemáticas,26,Resuelve el siguiente producto notable:,,,/f (x+7)^{3}= f/,/f x^{3}+21x^{2}+147x+343 f/,,/f x^{3}+14x^{2}+49x+343 f/,,/f x^{3}+21x^{2}+147x+343 f/,,/f x^{3}+21x^{2}+49x+343 f/,,Respuesta_a
ECOEMS 2026,Matemáticas,Matemáticas,27,Resuelve el siguiente producto notable:,,,/f (9x+8)(-6x+4)= f/,/f -54x^{2}+12x+32 f/,,/f -54x^{2}+60x+32 f/,,/f -54x^{2}+60x-32 f/,,/f -54x^{2}+12x+32 f/,,Respuesta_d
ECOEMS 2026,Matemáticas,Matemáticas,28,Resuelve el siguiente producto notable:,,,/f (15m+3)(15m-3)= f/,/f 196m^{2}-8 f/,,/f 225m^{2}+9 f/,,/f 225m^{2}-9 f/,,/f 225m^{2}+45m-9 f/,,Respuesta_c
ECOEMS 2026,Matemáticas,Matemáticas,29,Resuelve el siguiente producto notable:,,,/f (x+10)(x-4)= f/,/f x^{2}+3x-12 f/,,/f x^{2}+6x-40 f/,,/f x^{2}-6x+40 f/,,/f x^{2}+6x+40 f/,,Respuesta_b
ECOEMS 2026,Matemáticas,Matemáticas,30,Resuelve el siguiente producto notable:,,,/f (10n+5)(10n-5)= f/,/f 100n^{2}+25 f/,,/f 100n^{2}-25 f/,,/f 100n^{2}+50n-25 f/,,/f 100n^{2}-50n+25 f/,,Respuesta_b
ECOEMS 2026,Matemáticas,Matemáticas,31,Resuelve el siguiente producto notable:,,,/f (7p+2)(7p-2)= f/,/f 49p^{2}+4 f/,,/f 49p^{2}+4 f/,,/f 49p^{2}+14p-4 f/,,/f 49p^{2}-4 f/,,Respuesta_d
ECOEMS 2026,Matemáticas,Matemáticas,32,Resuelve el siguiente producto notable:,,,/f (20q+1)(20q-1)= f/,/f 400q^{2}+1 f/,,/f 400q^{2}-1 f/,,/f 400q^{2}+20q-1 f/,,/f 400q^{2}-20q+1 f/,,Respuesta_b
ECOEMS 2026,Matemáticas,Matemáticas,33,Resuelve el siguiente producto notable:,,,/f (5r+4)(5r-4)= f/,/f 25r^{2}-20r+16 f/,,/f 25r^{2}+16 f/,,/f 25r^{2}+20r-16 f/,,/f 25r^{2}-16 f/,,Respuesta_d
ECOEMS 2026,Matemáticas,Matemáticas,34,Resuelve el siguiente producto notable:,,,/f (8s+3)(8s-3)= f/,/f 64s^{2}-9 f/,,/f 64s^{2}+9 f/,,/f 64s^{2}+24s-9 f/,,/f 64s^{2}-24s+9 f/,,Respuesta_a
ECOEMS 2026,Matemáticas,Matemáticas,35,Resuelve la siguiente raíz cuadrada:,,,/f \sqrt{1234} = f/,/f 34.87 f/,,/f 35.13 f/,,/f 35.39 f/,,/f 35.12 f/,,Respuesta_d
ECOEMS 2026,Matemáticas,Matemáticas,36,Resuelve la siguiente raíz cuadrada:,,,/f \sqrt{2345} = f/,/f 47.89 f/,,/f 48.41 f/,,/f 48.42 f/,,/f 48.93 f/,,Respuesta_c
ECOEMS 2026,Matemáticas,Matemáticas,37,Resuelve la siguiente raíz cuadrada:,,,/f \sqrt{3456} = f/,/f 57.91 f/,,/f 58.78 f/,,/f 58.69 f/,,/f 58.95 f/,,Respuesta_b
ECOEMS 2026,Matemáticas,Matemáticas,38,Resuelve la siguiente raíz cuadrada:,,,/f \sqrt{4567} = f/,/f 67.57 f/,,/f 67.19 f/,,/f 67.71 f/,,/f 67.97 f/,,Respuesta_a
ECOEMS 2026,Matemáticas,Matemáticas,39,Resuelve la siguiente raíz cuadrada:,,,/f \sqrt{5678} = f/,/f 74.95 f/,,/f 75.21 f/,,/f 75.47 f/,,/f 75.35 f/,,Respuesta_d
ECOEMS 2026,Matemáticas,Matemáticas,40,Resuelve la siguiente raíz cuadrada:,,,/f \sqrt{6789} = f/,/f 82.17 f/,,/f 82.43 f/,,/f 82.39 f/,,/f 82.95 f/,,Respuesta_c
ECOEMS 2026,Matemáticas,Matemáticas,41,Resuelve la siguiente raíz cuadrada:,,,/f \sqrt{7890} = f/,/f 88.39 f/,,/f 88.82 f/,,/f 88.91 f/,,/f 89.17 f/,,Respuesta_b
ECOEMS 2026,Matemáticas,Matemáticas,42,Resuelve la siguiente raíz cuadrada:,,,/f \sqrt{8901} = f/,/f 94.35 f/,,/f 94.37 f/,,/f 94.63 f/,,/f 94.89 f/,,Respuesta_a
ECOEMS 2026,Matemáticas,Matemáticas,43,Resuelve la siguiente raíz cuadrada:,,,/f \sqrt{9012} = f/,/f 94.93 f/,,/f 95.19 f/,,/f 95.45 f/,,/f 95.71 f/,,Respuesta_a
ECOEMS 2026,Matemáticas,Matemáticas,44,Resuelve la siguiente raíz cuadrada:,,,/f \sqrt{9123} = f/,/f 95.15 f/,,/f 95.41 f/,,/f 95.51 f/,,/f 95.93 f/,,Respuesta_c
ECOEMS 2026,Matemáticas,Matemáticas,45,Resuelve la siguiente ecuación de primer grado:,,,/f x+7=-18 f/,/f x=-20 f/,,/f x=-26 f/,,/f x=-24 f/,,/f x=-25 f/,,Respuesta_d
ECOEMS 2026,Matemáticas,Matemáticas,46,Resuelve la siguiente ecuación de primer grado:,,,/f 9x+6=69 f/,/f x=2 f/,,/f x=8 f/,,/f x=7 f/,,/f x=9 f/,,Respuesta_c
ECOEMS 2026,Matemáticas,Matemáticas,47,Resuelve la siguiente ecuación de primer grado:,,,/f 5x-8=3x+6 f/,/f x=5 f/,,/f x=7 f/,,/f x=6 f/,,/f x=9 f/,,Respuesta_b
ECOEMS 2026,Matemáticas,Matemáticas,48,Resuelve la siguiente ecuación de primer grado:,,,/f x+2x+3x=54 f/,/f x=9 f/,,/f x=10 f/,,/f x=8 f/,,/f x=11 f/,,Respuesta_a
ECOEMS 2026,Matemáticas,Matemáticas,49,Resuelve la siguiente ecuación de primer grado:,,,/f x^{2}-3=97 f/,/f x=10 f/,,/f x=11 f/,,/f x=9 f/,,/f x=12 f/,,Respuesta_a
ECOEMS 2026,Matemáticas,Matemáticas,50,Resuelve la siguiente ecuación de primer grado:,,,/f \sqrt{x}+5=11 f/,/f x=30 f/,,/f x=37 f/,,/f x=35 f/,,/f x=36 f/,,Respuesta_d
ECOEMS 2026,Matemáticas,Matemáticas,51,Resuelve la siguiente ecuación cuadrática con el uso de la fórmula general:,,/f x=\frac{-b\pm \sqrt{b^{2}-4ac}}{2a} f/,/f 3x^{2}-7x+2=0 f/,"/f x_{1}=1, x_{2}=2/3 f/",,"/f x_{1}=2, x_{2}=1/3 f/",,"/f x_{1}=1/2, x_{2}=4/3 f/",,"/f x_{1}=2, x_{2}=1/2 f/",,Respuesta_b
ECOEMS 2026,Matemáticas,Matemáticas,52,Resuelve la siguiente ecuación cuadrática con el uso de la fórmula general:,,/f x=\frac{-b\pm \sqrt{b^{2}-4ac}}{2a} f/,/f 4x^{2}+3x-22=0 f/,"/f x_{1}=2, x_{2}=-11/4 f/",,"/f x_{1}=3, x_{2}=-22/4 f/",,"/f x_{1}=3/2, x_{2}=-22/3 f/",,"/f x_{1}=-2, x_{2}=22/4 f/",,Respuesta_a
ECOEMS 2026,Matemáticas,Matemáticas,53,Resuelve la siguiente ecuación cuadrática con el uso de la fórmula general:,,/f x=\frac{-b\pm \sqrt{b^{2}-4ac}}{2a} f/,/f 8x^{2}-2x-3=0 f/,"/f x_{1}=1/2, x_{2}=-3/4 f/",,"/f x_{1}=3/4, x_{2}=-1/2 f/",,"/f x_{1}=1/4, x_{2}=-3/8 f/",,"/f x_{1}=-1/2, x_{2}=3/8 f/",,Respuesta_b
ECOEMS 2026,Matemáticas,Matemáticas,54,Resuelve la siguiente ecuación cuadrática con el uso de la fórmula general:,,/f x=\frac{-b\pm \sqrt{b^{2}-4ac}}{2a} f/,/f x^{2}-3x+2=0 f/,"/f x_{1}=1, x_{2}=2 f/",,"/f x_{1}=2, x_{2}=3 f/",,"/f x_{1}=1, x_{2}=3 f/",,"/f x_{1}=2, x_{2}=1 f/",,Respuesta_d
ECOEMS 2026,Matemáticas,Matemáticas,55,Resuelve la siguiente ecuación cuadrática con el uso de la fórmula general:,,/f x=\frac{-b\pm \sqrt{b^{2}-4ac}}{2a} f/,/f x^{2}-5x+6=0 f/,"/f x_{1}=2, x_{2}=3 f/",,"/f x_{1}=3, x_{2}=4 f/",,"/f x_{1}=2, x_{2}=4 f/",,"/f x_{1}=3, x_{2}=2 f/",,Respuesta_d
ECOEMS 2026,Matemáticas,Matemáticas,56,Resuelve la siguiente ecuación cuadrática con el uso de la fórmula general:,,/f x=\frac{-b\pm \sqrt{b^{2}-4ac}}{2a} f/,/f x^{2}-7x+10=0 f/,"/f x_{1}=2, x_{2}=5 f/",,"/f x_{1}=3, x_{2}=6 f/",,"/f x_{1}=2, x_{2}=6 f/",,"/f x_{1}=3, x_{2}=5 f/",,Respuesta_a
ECOEMS 2026,Matemáticas,Matemáticas,57,Encuentra el valor de este ángulo:,ecoems_matemáticas_matemáticas_57_parrafo.png,,,/f 35° f/,,/f 90° f/,,/f 180° f/,,/f 0° f/,,Respuesta_a
ECOEMS 2026,Matemáticas,Matemáticas,58,Encuentra el valor de C:,ecoems_matemáticas_matemáticas_58_parrafo.png,,,/f 0.3574m f/,,/f 0.2589m f/,,/f 0.2594m f/,,/f 0.1294m f/,,Respuesta_c
ECOEMS 2026,Matemáticas,Matemáticas,59,Encuentra el valor de este ángulo y C:,ecoems_matemáticas_matemáticas_59_parrafo.png,,,/f C = 142.23 mm  A = 45° f/,,/f C = 658.42 mm  A = 35° f/,,/f C = 545.80 mm  A = 50° f/,,/f C = 242.67 mm  A = 16° f/,,Respuesta_b
ECOEMS 2026,Matemáticas,Matemáticas,60,De las preguntas /b60b/ a la /b62b/:,ecoems_matemáticas_matemáticas_60-61-62_parrafo.png,,/bCalcula el perímetro y el área del cuadradob/:,/f P = 138 cm  A = 276 cm^{2} f/,,/f P = 276 cm  A = 4761 cm^{2} f/,,/f P = 276 cm  A = 138 cm^{2} f/,,/f P = 4761 cm  A = 276 cm^{2} f/,,Respuesta_b
ECOEMS 2026,Matemáticas,Matemáticas,61,De las preguntas /b60b/ a la /b62b/:,ecoems_matemáticas_matemáticas_60-61-62_parrafo.png,,/bCalcula el perímetro y el área del trapeciob/:,/f P = 242 cm  A = 1560 cm^{2} f/,,/f P = 1540 cm  A = 222 cm^{2} f/,,/f P = 1560 cm  A = 242 cm^{2} f/,,/f P = 222 cm  A = 1540 cm^{2} f/,,Respuesta_d
ECOEMS 2026,Matemáticas,Matemáticas,62,De las preguntas /b60b/ a la /b62b/:,ecoems_matemáticas_matemáticas_60-61-62_parrafo.png,,/bCalcula el perímetro y el área del círculob/:,/f P = 106.81 cm  A = 907.92 cm^{2} f/,,/f P = 53.40 cm  A = 106.81 cm^{2} f/,,/f P = 907.92 cm  A = 106.81 cm^{2} f/,,/f P = 106.81 cm  A = 53.40 cm^{2} f/,,Respuesta_a
ECOEMS 2026,Matemáticas,Matemáticas,63,De las preguntas /b63b/ a la /b65b/:,ecoems_matemáticas_matemáticas_63-64-65_parrafo.png,,/bCalcula el perímetro y el área del cuadradob/:,/f P = 30 cm  A = 60 cm^{2} f/,,/f P = 60 cm  A = 225 cm^{2} f/,,/f P = 225 cm  A = 60 cm^{2} f/,,/f P = 225 cm  A = 225 cm^{2} f/,,Respuesta_b
ECOEMS 2026,Matemáticas,Matemáticas,64,De las preguntas /b63b/ a la /b65b/:,ecoems_matemáticas_matemáticas_63-64-65_parrafo.png,,/bCalcula el perímetro y el área del trapeciob/:,/f P = 116 cm  A = 870 cm^{2} f/,,/f P = 145 cm  A = 899 cm^{2} f/,,/f P = 870 cm  A = 116 cm^{2} f/,,/f P = 899 cm  A = 145 cm^{2} f/,,Respuesta_a
ECOEMS 2026,Matemáticas,Matemáticas,65,De las preguntas /b63b/ a la /b65b/:,ecoems_matemáticas_matemáticas_63-64-65_parrafo.png,,/bCalcula el perímetro y el área del círculob/:,/f P = 3.14 cm  A = 6.28 cm^{2} f/,,/f P = 2.25 cm  A = 6.00 cm^{2} f/,,/f P = 5.59 cm  A = 2.48 cm^{2} f/,,/f P = 6.00 cm  A = 2.25 cm^{2} f/,,Respuesta_c
ECOEMS 2026,Matemáticas,Matemáticas,66,De las preguntas /b66b/ a la /b68b/:,ecoems_matemáticas_matemáticas_66-67-68_parrafo.png,,/bCalcula el volumen del cubob/:,/f 178 cm^{3} f/,,/f 728 cm^{3} f/,,/f 36 cm^{3} f/,,/f 1728 cm^{3} f/,,Respuesta_d
ECOEMS 2026,Matemáticas,Matemáticas,67,De las preguntas /b66b/ a la /b68b/:,ecoems_matemáticas_matemáticas_66-67-68_parrafo.png,,/bCalcula el volumen del cilindrob/:,/f 8743.87 cm^{3} f/,,/f 6870.67 cm^{3} f/,,/f 1743.73 cm^{3} f/,,/f 6870.11 cm^{3} f/,,Respuesta_b
ECOEMS 2026,Matemáticas,Matemáticas,68,De las preguntas /b66b/ a la /b68b/:,ecoems_matemáticas_matemáticas_66-67-68_parrafo.png,,/bCalcula el volumen de la pirámideb/:,/f 5235 cm^{3} f/,,/f 2450 cm^{3} f/,,/f 3600 cm^{3} f/,,/f 7200 cm^{3} f/,,Respuesta_c
ECOEMS 2026,Matemáticas,Matemáticas,69,De las preguntas /b69b/ a la /b71b/:,ecoems_matemáticas_matemáticas_69-70-71_parrafo.png,,/bCalcula el volumen del cubob/:,/f 8156 cm^{3} f/,,/f 6859 cm^{3} f/,,/f 2732 cm^{3} f/,,/f 4934 cm^{3} f/,,Respuesta_b
ECOEMS 2026,Matemáticas,Matemáticas,70,De las preguntas /b69b/ a la /b71b/:,ecoems_matemáticas_matemáticas_69-70-71_parrafo.png,,/bCalcula el volumen del cilindrob/:,/f 3468.32 cm^{3} f/,,/f 6823.12 cm^{3} f/,,/f 9873.03 cm^{3} f/,,/f 3935.23 cm^{3} f/,,Respuesta_a
ECOEMS 2026,Matemáticas,Matemáticas,71,De las preguntas /b69b/ a la /b71b/:,ecoems_matemáticas_matemáticas_69-70-71_parrafo.png,,/bCalcula el volumen de la pirámideb/:,/f 3008.33 cm^{3} f/,,/f 1568.84 cm^{3} f/,,/f 9623.34 cm^{3} f/,,/f 7452.84 cm^{3} f/,,Respuesta_a
ECOEMS 2026,Matemáticas,Matemáticas,72,Resuelve la siguiente ecuación con fracciones:,,,/f \frac{x}{3}+4=6 f/,/f 2 f/,,/f 3 f/,,/f 4 f/,,/f 6 f/,,Respuesta_d
ECOEMS 2026,Matemáticas,Matemáticas,73,Resuelve la siguiente ecuación con fracciones:,,,/f \frac{1}{2}x+4(x+2)=14-2x+20 f/,/f 2 f/,,/f 3 f/,,/f 13 f/,,/f 5 f/,,Respuesta_c
ECOEMS 2026,Matemáticas,Matemáticas,74,Efectúa la siguiente factorización:,,,/f x^{2}-196= f/,/f (x+14)(x-14) f/,,/f (x+8)(x-18) f/,,/f (x-14)(x+14) f/,,/f (x+14)(x+14) f/,,Respuesta_a
ECOEMS 2026,Matemáticas,Matemáticas,75,Efectúa la siguiente factorización:,,,/f x^{3}-729= f/,/f (x-9)(x^{2}+9x+81) f/,,/f (x+9)(x^{2}+9x+81) f/,,/f (x-9)(x^{2}-9x+81) f/,,/f (x-9)(x^{2}-9x-81) f/,,Respuesta_a
ECOEMS 2026,Matemáticas,Matemáticas,76,Efectúa la siguiente factorización:,,,/f x^{3}+512= f/,/f (x+8)(x^{2}+8x+64) f/,,/f (x+8)(x^{2}-8x+64) f/,,/f (x-8)(x^{2}-8x+64) f/,,/f (x-8)(x^{2}-8x-64) f/,,Respuesta_b
ECOEMS 2026,Matemáticas,Matemáticas,77,Efectúa la siguiente factorización:,,,/f x^{2}+2x-63= f/,/f (x-7)(x+9) f/,,/f (x-7)(x-9) f/,,/f (x+7)(x+9) f/,,/f (x+7)(x-9) f/,,Respuesta_a
ECOEMS 2026,Matemáticas,Matemáticas,78,Efectúa la siguiente factorización:,,,/f x^{2}+x-182= f/,/f (x-13)(x+14) f/,,/f (x+13)(x+14) f/,,/f (x-13)(x-14) f/,,/f (x+13)(x-14) f/,,Respuesta_a
ECOEMS 2026,Matemáticas,Matemáticas,79,De las preguntas /b79b/ a la /b81b/:,,"Las calificaciones finales de Matemáticas en un grupo de 27 alumnos de bachillerato son las siguientes: /n/c/b/f6, 5, 7, 6, 8, 5, 7, 6, 9, 6, 5, 7, 6, 8, 6, 9, 5, 10, 8, 5, 7, 6, 9, 10, 9, 5, 6.f/b/c/",/bCalcular la media aritméticab/:,/f 6.5 f/,,/f 7.0 f/,,/f 6.8 f/,,/f 7.2 f/,,Respuesta_c
ECOEMS 2026,Matemáticas,Matemáticas,80,De las preguntas /b79b/ a la /b81b/:,,"Las calificaciones finales de Matemáticas en un grupo de 27 alumnos de bachillerato son las siguientes: /n/c/b/f6, 5, 7, 6, 8, 5, 7, 6, 9, 6, 5, 7, 6, 8, 6, 9, 5, 10, 8, 5, 7, 6, 9, 10, 9, 5, 6.f/b/c/",/bCalcular la medianab/:,/f 6 f/,,/f 7 f/,,/f 6.5 f/,,/f 7.5 f/,,Respuesta_b
ECOEMS 2026,Matemáticas,Matemáticas,81,De las preguntas /b79b/ a la /b81b/:,,"Las calificaciones finales de Matemáticas en un grupo de 27 alumnos de bachillerato son las siguientes: /n/c/b/f6, 5, 7, 6, 8, 5, 7, 6, 9, 6, 5, 7, 6, 8, 6, 9, 5, 10, 8, 5, 7, 6, 9, 10, 9, 5, 6.f/b/c/",/bCalcular la modab/:,/f 5 f/,,/f 6 f/,,/f 7 f/,,/f 8 f/,,Respuesta_b
ECOEMS 2026,Matemáticas,Matemáticas,82,Problema de probabilidad:,,"En una bolsa hay 15 canicas rojas, 16 canicas azules, 12 canicas verdes, 8 canicas amarillas, 4 canicas negras, 10 canicas transparentes, 3 canicas grises y 2 canicas moradas.", ¿Cuál es la probabilidad que al sacar una canica de la bolsa al azar esta sea transparente?",/f \frac{1}{7} f/,,/f \frac{1}{8} f/,,/f \frac{1}{9} f/,,/f \frac{1}{10} f/,,Respuesta_a
ECOEMS 2026,Matemáticas,Matemáticas,83,¿Cuál es la regla de los signos?,,,,"El producto de dos números con el mismo signo es positivo, y el producto de dos números con signos diferentes es negativo.",,"El producto de dos números con el mismo signo es negativo, y el producto de dos números con signos diferentes es positivo.",,El producto de dos números con el mismo signo es siempre cero.,,El producto de dos números con signos diferentes es siempre cero.,,Respuesta_a
ECOEMS 2026,Matemáticas,Matemáticas,84,¿Qué es un número primo?,,,,Un número que tiene exactamente dos divisores distintos: 1 y él mismo.,,Un número que tiene más de dos divisores.,,Un número que solo puede ser dividido por 1.,,Un número que solo puede ser dividido por él mismo.,,Respuesta_a
ECOEMS 2026,Matemáticas,Matemáticas,85,¿Por qué a las fracciones se les conoce como números racionales?,,,,Porque pueden expresarse como el seno de dos números enteros.,,Porque pueden expresarse como el producto de dos números enteros.,,Porque pueden expresarse como el cociente de dos números enteros.,,Porque pueden expresarse como la resta de dos números enteros.,,Respuesta_c
ECOEMS 2026,Matemáticas,Matemáticas,86,Definición de perímetro y área:,,,,El perímetro es la suma de los lados de una figura geométrica y el área es el espacio que ocupa dicha figura.,,El perímetro es el espacio que ocupa una figura geométrica y el área es la suma de los lados de dicha figura.,,El perímetro es el producto de los lados de una figura geométrica y el área es el espacio que ocupa dicha figura.,,El perímetro es el espacio que ocupa una figura geométrica y el área es el producto de los lados de dicha figura.,,Respuesta_a
ECOEMS 2026,Matemáticas,Matemáticas,87,¿Cuál es la diferencia entre circunferencia y círculo?,,,,El círculo es el contorno de la circunferencia.,,La circunferencia es el contorno del círculo.,,La circunferencia y el círculo son lo mismo.,,La circunferencia es el área del círculo.,,Respuesta_b
ECOEMS 2026,Matemáticas,Matemáticas,88,"Si un tren sale de la estación A a las 10:00 AM y llega a la estación B a las 3:00 PM, ¿cuánto tiempo tardó en llegar de A a B?",,,,4 horas,,5 horas,,6 horas,,7 horas,,Respuesta_b
ECOEMS 2026,Matemáticas,Matemáticas,89,"Si tienes 20 manzanas y le das 5 a tu amigo, ¿cuántas manzanas te quedan?",,,,10 manzanas,,15 manzanas,,20 manzanas,,25 manzanas,,Respuesta_b
ECOEMS 2026,Matemáticas,Matemáticas,90,¿Cuál es el valor de x en la ecuación /f 2x+3=9 f/?,,,,/f 1 f/,,/f 2 f/,,/f 3 f/,,/f 4 f/,,Respuesta_c
ECOEMS 2026,Matemáticas,Matemáticas,91,Si el área de un cuadrado es /f 64 cm^{2} f/,,,¿Cuál es la longitud de uno de sus lados?,/f 6 cm f/,,/f 7 cm f/,,/f 8 cm f/,,/f 9 cm f/,,Respuesta_c
ECOEMS 2026,Matemáticas,Matemáticas,92,¿Cuál es el valor de /f \pi f/ (pi)?,,,,/f 3.14 f/,,/f 3.13 f/,,/f 3.12 f/,,/f 3.15 f/,,Respuesta_a
ECOEMS 2026,Matemáticas,Matemáticas,93,Si tienes una matriz A de 2x2 con elementos: /n/n/f \begin{bmatrix}a11=1\ &a12=2\\ a21=3&a22=4\end{bmatrix} = f/,,,¿Cuál es el /bdeterminante de Ab/?,/f 0 f/,,/f -2 f/,,/f 2 f/,,/f 4 f/,,Respuesta_b
ECOEMS 2026,Matemáticas,Matemáticas,94,Resuelve el siguiente sistema de ecuaciones:,,,"/f \begin{aligned} 2x + 3y &= 18 \\ 4x - y &= 10 \end{aligned} f/","/f x=24/7, y=26/7 f/",,"/f x=3, y=4 f/",,"/f x=2, y=3 f/",,"/f x=5, y=1 f/",,Respuesta_b
ECOEMS 2026,Matemáticas,Matemáticas,95,Resuelve el siguiente sistema de ecuaciones:,,,"/f \begin{aligned} 5x + 2y &= 20 \\ 3x + 4y &= 24 \end{aligned} f/","/f x=\frac{3}{9}, y=\frac{21}{4} f/",,"/f x=\frac{14}{6}, y=\frac{30}{7} f/",,"/f x=\frac{4}{10}, y=\frac{15}{3} f/",,"/f x=\frac{16}{7}, y=\frac{30}{7} f/",,Respuesta_d
ECOEMS 2026,Matemáticas,Matemáticas,96,Resuelve el siguiente sistema de ecuaciones:,,,"/f \begin{aligned} 6x - 3y &= 12 \\ 2x + 5y &= 20 \end{aligned} f/","/f x=10/3, y=8/3 f/",,"/f x=4, y=3 f/",,"/f x=2, y=4 f/",,"/f x=5, y=1 f/",,Respuesta_a
ECOEMS 2026,Matemáticas,Matemáticas,97,Resuelve el siguiente sistema de ecuaciones:,,,"/f \begin{aligned} x + 6y &= 27 \\ 7x - 3y &= 9 \end{aligned} f/","/f x=4, y=3 f/",,"/f x=3, y=4 f/",,"/f x=2, y=5 f/",,"/f x=5, y=2 f/",,Respuesta_b
ECOEMS 2026,Matemáticas,Matemáticas,98,¿Cuál es el valor del determinante?,,,/f \begin{bmatrix} 3 & -2 \\ -4 & 5 \end{bmatrix} = f/,/f 7 f/,,/f 11 f/,,/f 15 f/,,/f 19 f/,,Respuesta_a
ECOEMS 2026,Matemáticas,Matemáticas,99,¿Cuál es el valor del determinante?,,,/f \begin{bmatrix} a & c \\ b & d \end{bmatrix} = f/,/f a+b+c+d f/,,/f a-b+c-d f/,,/f ab+cd f/,,/f ad-bc f/,,Respuesta_d
ECOEMS 2026,Matemáticas,Matemáticas,100,¿Cuál es el valor del determinante?,,,/f \begin{bmatrix} a & b & c \\ d & e & f \\ g & h & i \end{bmatrix} = f/,/f aei+bfg+cdh-ceg-bdi-afh f/,,/f aei+bfg+cdh+ceg+bdi+afh f/,,/f aei+dhc+gbf-dvi+ahf+gec f/,,/f aei-bfg+cdh-ceg+bdi-afh f/,,Respuesta_c
ECOEMS 2026,Matemáticas,Matemáticas,101,¿Cuál es el valor del determinante?,,,/f \begin{bmatrix} 1 & -2 & 3 \\ -4 & 5 & -6 \\ 7 & -8 & 9 \end{bmatrix} = f/,/f -9 f/,,/f -3 f/,,/f 0 f/,,/f 3 f/,,Respuesta_c
ECOEMS 2026,Matemáticas,Matemáticas,102,"¿Cuál es la suma de estos números? 2, 4, 6, 8, 10, 12, 14, 16, 18, 20, 22, 24, 26, 28, 30, 32, 34, 36, 38, 40",,,,/f 200 f/,,/f 210 f/,,/f 220 f/,,/f 420 f/,,Respuesta_d
ECOEMS 2026,Matemáticas,Matemáticas,103,"¿Cuál es el producto de estos números? 1, 3, 5, 7, 9, 11, 13",,,,/f 135 126 f/,,/f 135 135 f/,,/f 135 876 f/,,/f 123 456 f/,,Respuesta_b
ECOEMS 2026,Matemáticas,Matemáticas,104,"¿Cuál es la suma de estos números? 1, 2, 3, 4, 5, 6, 7, 8, 9, 10",,,,/f 35 f/,,/f 45 f/,,/f 55 f/,,/f 65 f/,,Respuesta_c
ECOEMS 2026,Matemáticas,Matemáticas,105,"Dado un triángulo con una base de longitud 8 cm y una altura de longitud 6 cm, ¿cuál es el área del triángulo?",,,,/f 24 cm^{2} f/,,/f 30 cm^{2} f/,,/f 36 cm^{2} f/,,/f 40 cm^{2} f/,,Respuesta_a
ECOEMS 2026,Matemáticas,Matemáticas,106,"Juan tiene el doble de la edad que tenía hace 5 años. Si actualmente tiene 20 años, ¿cuántos años tenía hace 5 años?",,,,/f 5 f/,,/f 10 f/,,/f 15 f/,,/f 20 f/,,Respuesta_c
ECOEMS 2026,Matemáticas,Matemáticas,107,"Si el doble de un número es igual a 18, ¿cuál es ese número?",,,,/f 6 f/,,/f 8 f/,,/f 9 f/,,/f 10 f/,,Respuesta_c
ECOEMS 2026,Matemáticas,Matemáticas,108,¿Cuál es el número primo más pequeño?,,,,/f 1 f/,,/f 2 f/,,/f 3 f/,,/f 4 f/,,Respuesta_a
ECOEMS 2026,Matemáticas,Matemáticas,109,¿Cuál es el volumen de un cubo con arista de longitud 5 cm?,,,,/f 25 cm^{3} f/,,/f 100 cm^{3} f/,,/f 125 cm^{3} f/,,/f 150 cm^{3} f/,,Respuesta_c
ECOEMS 2026,Matemáticas,Matemáticas,110,¿Cuánto es /f \frac{3}{4} f/ de 48?,,,,/f 12 f/,,/f 24 f/,,/f 42 f/,,/f 36 f/,,Respuesta_d
ECOEMS 2026,Matemáticas,Matemáticas,111,"Si 8 obreros construyen una casa en 12 días, ¿cuántos días tomarán 12 obreros para construir la misma casa?",,,,/f 6 días f/,,/f 8 días f/,,/f 9 días f/,,/f 10 días f/,,Respuesta_b
ECOEMS 2026,Matemáticas,Matemáticas,112,Compré un producto por 50 € y lo vendí por 75 €. ¿Cuál es el porcentaje de ganancia?,,,,/f 25% f/,,/f 30% f/,,/f 40% f/,,/f 50% f/,,Respuesta_d
ECOEMS 2026,Matemáticas,Matemáticas,113,¿Cuál de estas figuras geométricas tiene más lados?,,,,Trapecio,,Rombo,,Hexágono,,Eneágono,,Respuesta_d
ECOEMS 2026,Matemáticas,Matemáticas,114,"Si Ana corre 5 kilómetros a la hora, ¿cuánto tiempo tardará en recorrer 19 kilómetros?",,,,/f 5 horas f/,,/f 4.5 horas f/,,/f 3 horas f/,,/f 3.8 horas f/,,Respuesta_d
ECOEMS 2026,Matemáticas,Matemáticas,115,Aproxima este número a las centenas: 683,,,/f 600 f/,,,/f 650 f/,,/f 690 f/,,/f 700 f/,,Respuesta_a
ECOEMS 2026,Matemáticas,Matemáticas,116,Un supermercado tiene 945 kilos de manzanas rojas y 650 kilos de manzanas verdes. ¿Cuántos kilos de manzanas rojas más que verdes tiene?,,,,/f 295 f/,,/f 1600 f/,,/f 265 f/,,/f 2950 f/,,Respuesta_a
ECOEMS 2026,Matemáticas,Matemáticas,117,"Los 12 delfines que están en el delfinario comen 6 kilos de pescado al día. En unos días llegan 8 delfines más, ¿Cuánto pescado comerían esos 8 delfines nuevos?",,,,/f 2 kilos de pescado f/,,/f 4 kilos de pescado f/,,/f 6 kilos de pescado f/,,/f 8 kilos de pescado f/,,Respuesta_b
ECOEMS 2026,Matemáticas,Matemáticas,118,"En una oficina trabajan 380 personas, de ellas el 65% son hombres. ¿Cuántos hombres más que mujeres hay en la oficina?",,,,/f 247 f/,,/f 114 f/,,/f 57 f/,,/f 2470 f/,,Respuesta_b
ECOEMS 2026,Matemáticas,Matemáticas,119,Convertir 130° a radianes:,,,,/f \frac{10}{123} f/,,/f \frac{6}{32} f/,,/f \frac{13}{18} f/,,/f \frac{13\pi}{18} f/,,Respuesta_c
ECOEMS 2026,Matemáticas,Matemáticas,120,Convertir /f \frac{5}{7} f/ radianes a grados:,,,,/f 129.00° f/,,/f 228.47° f/,,/f 128.57° f/,,/f 126.12° f/,,Respuesta_c
ECOEMS 2026,Matemáticas,Matemáticas,121,¿Cuánto mide la suma de los ángulos internos de un triángulo?,,,,/f 120° f/,,/f 90° f/,,/f 360° f/,,/f 180° f/,,Respuesta_d
ECOEMS 2026,Matemáticas,Matemáticas,122,Menciona el enunciado correcto:,,,,Una recta paralela jamás intersecará con otra en ningún punto,,Las rectas perpendiculares intersecan en un punto con un ángulo de 25°,,Una recta paralela siempre intersecará con otra en algún punto,,Las rectas perpendiculares nunca intersecan en un punto,,Respuesta_a
ECOEMS 2026,Matemáticas,Matemáticas,123,¿Cuánto mide un ángulo obtuso?,,,,"/f >90°, <180° f/",,"/f <45°, >90° f/",,"/f <90°, >180° f/",,"/f <180°, <90° f/",,Respuesta_a
ECOEMS 2026,Matemáticas,Matemáticas,124,¿Cuánto mide un ángulo agudo?,,,,/f 90° f/,,/f <90° f/,,/f 180° f/,,/f 100° f/,,Respuesta_b
ECOEMS 2026,Matemáticas,Matemáticas,125,¿Cuánto mide un ángulo llano?,,,,/f 45° f/,,/f 90° f/,,/f 360° f/,,/f 180° f/,,Respuesta_d
ECOEMS 2026,Matemáticas,Matemáticas,126,¿Cuántos polígonos de 4 lados existen?,,,,/f a f/,,/f 2 f/,,/f 3 f/,,/f 4 f/,,Respuesta_a
ECOEMS 2026,Matemáticas,Matemáticas,127,¿Cuál es la diferencia entre el radio y el diámetro de un círculo?,,,,El radio es la mitad del diámetro,,Radio es toda de la circunferencia y el diámetro abarca media circunferencia,,Radio es la circunferencia del círculo y el diámetro abarca el radio,,Radio no pertenece a la circunferencia y el diámetro es para el volumen,,Respuesta_a
ECOEMS 2026,Matemáticas,Matemáticas,128,Mencionar todas las funciones trigonométricas:,,,,"Senos, Cosenos, Tangentes, Cotangentes, Secantes, Cosecantes",,"Seno, Coseno, Tangete, Cotangete, Secate, Cosecate",,"Seno, Coseno, Tangente, Cotangente, Secante, Cosecante",,"Ceno, Coseno, Tangente, Cotangente, Secante, Cocecante",,Respuesta_b
ECOEMS 2026,Historia Universal,Historia Universal,1,"Industria que sobresale durante la Revolución Industrial.",,,,"Naval",,"Militar",,"Agrícola",,"Textil",,"Respuesta_d",
ECOEMS 2026,Historia Universal,Historia Universal,2,"Un hecho que produjo la Revolución Industrial del siglo XVIII al siglo XIX fue:",,,,"Enriquecimiento de Burgueses",,"La separación de las Trece Colonias",,"La Revolución Inglesa",,"Las Cruzadas",,"Respuesta_a",
ECOEMS 2026,Historia Universal,Historia Universal,3,"Encuentra la relación entre Culturas y los Ríos en los que se desarrollaron. /n/n1. Mesopotámica /nA. Amarillo /n2. Hebrea /nB. Tigris /n3. China /nC. Ganges /n4. India /nD. Jordán",,,,"1A, 2B, 3C, 4D",,"1D, 2C, 3B, 4A",,"1B, 2D, 3A, 4C",,"1B, 2D, 3C, 4A",,"Respuesta_c",
ECOEMS 2026,Historia Universal,Historia Universal,4,"Personaje Italiano fundador del régimen fascista.",,,,"Hitler",,"Stalin",,"Roosevelt",,"Mussolini",,"Respuesta_d",
ECOEMS 2026,Historia Universal,Historia Universal,5,"Relaciona las ideas de los pensadores e ilustradores. /n/n1. Voltaire /n2. Montesquieu /n3. Rousseau /n4. Diderot /n/nA) Dividió al gobierno en tres poderes, Ejecutivo, Legislativo y Judicial /nB) Defendía la libertad, igualdad y derechos naturales de los hombres /nC) Conformó la enciclopedia con el marco total de conocimientos humanos /nD) enjuició profundamente a la alta sociedad y al gobierno de su época. Exigió la supresión de privilegios.",,,,"1C, 2B, 3D, 4A",,"1D, 2A, 3B, 4C",,"1A, 2B, 3C, 4D",,"1D, 2C, 3A, 4B",,"Respuesta_b",
ECOEMS 2026,Historia Universal,Historia Universal,6,"Son inventos de la cultura /bChinab/: /n/n1. El arco falso /n2. Numeración decimal /n3. Brújula /n4. Pólvora /n5. Ábaco",,,,"1, 2, 3",,"2, 4, 5",,"3, 4, 5",,"2, 3, 4",,"Respuesta_c",
ECOEMS 2026,Historia Universal,Historia Universal,7,"Son fuentes importantes para el estudio de la Prehistoria. /n/n1. Restos humanos /n2. Escritos /n3. Ganadería /n4. Utensilios y artefactos /n5. Pinturas rupestres",,,,"1, 2, 3",,"3, 4, 5",,"1, 4, 5",,"2, 3, 4",,"Respuesta_c",
ECOEMS 2026,Historia Universal,Historia Universal,8,"La función primordial de la /bFAOb/ es:",,,,"Fomentar la agricultura",,"Salvaguardar la salud",,"Evitar otra Guerra Mundial",,"Velar por la buena alimentación",,"Respuesta_d",
ECOEMS 2026,Historia Universal,Historia Universal,9,"Relaciona las culturas con su actividad. /n/n1. Mesopotamia /n2. Egipcia /n3. India /n4. China /n/nA) Sus reyes eran faraones, tenían dioses (Horus, representa al sol), escribían en hojas de papiro. /nB) Se desarrollaron en los ríos Ganges e Indo, sus reyes eran brahmanes, su religión era vedismo. /nC) Zigurat era su templo, vivieron en el río Tigris y Eufrates. Su escritura era cuneiforme. /nD) Vivían el río Hoang-Ho (Amarillo). Inventaron la pólvora, seda y porcelana",,,,"1A, 2C, 3D, 4B",,"1B, 2D, 3A, 4B",,"1C, 2D, 3A, 4D",,"1C, 2A, 3B, 4D",,"Respuesta_d",
ECOEMS 2026,Historia Universal,Historia Universal,10,"Relaciona los documentos con el acuerdo que les corresponde. /n/n1. Congreso de Viena y el Tratado de 1815 /n2. Declaración de los Derechos del Hombre y del Ciudadano /n3. Acta de Independencia de los Estados Unidos de América /n/nA) Se le quita a Francia las conquistas hechas por Napoleón. /nB) Se promulga la Independencia de las Trece Colonias. /nC) Todos los hombres son libres e iguales y tienen derecho de propiedad y soberanía.",,,,"1A, 2B, 3C",,"1C, 2B, 3A",,"1B, 2A, 3C",,"1A, 2C, 3B",,"Respuesta_d",
ECOEMS 2026,Historia Universal,Historia Universal,11,"Señala el orden cronológico de los conflictos bélicos del siglo XX. /n/n1. Primera Guerra Mundial /n2. Guerra de Corea /n3. Revolución Rusa /n4. Guerra de Vietnam 1962",,,,"1, 3, 2, 4",,"3, 2, 1, 4",,"1, 4, 2, 3",,"4, 2, 3, 1",,"Respuesta_a",
ECOEMS 2026,Historia Universal,Historia Universal,12,"Relaciona los hechos de los personajes históricos de la Revolución Rusa. /n/n1. Trotsky /n2. Kerensky /n3. Lenin /n/nA) Soviet supremo, organizó el ejército rojo. /nB) Último jefe del gobierno provisional. /nC) Líder e ideólogo más importante de la Revolución Rusa.",,,,"1C, 2A, 3B",,"1A, 2B, 3C",,"1A, 2C, 3B",,"1B, 2A, 3C",,"Respuesta_b",
ECOEMS 2026,Historia Universal,Historia Universal,13,"¿Qué acontecimientos representa el inicio de la Revolución Francesa?",,,,"El Absolutismo",,"Guerra de los Cien Años",,"Batalla de Waterloo 1815",,"Toma de la Bastilla",,"Respuesta_d",
ECOEMS 2026,Historia Universal,Historia Universal,14,"Relaciona los movimientos de la Segunda Guerra Mundial. /n/n1. Nazismo /n2. Fascismo /n3. Eje Berlín - Roma - Tokyo /n/nA) Régimen criminal originado en Italia por Benito Mussolini. /nB) Alianza formada entre Alemania, Italia y Japón. /nC) Sistema impuesto en Alemania, que aseguraba que la solución mundial era eliminar a los más débiles.",,,,"1C, 2A, 3B",,"1A, 2B, 3C",,"1C, 2B, 3A",,"1B, 2A, 3C",,"Respuesta_a",
ECOEMS 2026,Historia Universal,Historia Universal,15,"Hechos que sobresalieron en la Cultura Griega. /n/n1. Escribieron poemas, como la Ilíada y la Odisea. /n2. Su primer rey fue Rómulo. /n3. Sus ciudades principales fueron Esparta y Atenas. /n4. Construyeron edificios de tipo dórico como el Partenón y en escultura Discóbolo de Mirón.",,,,"1, 3, 4",,"2, 3, 1",,"1, 2, 4",,"2, 3, 4",,"Respuesta_a",
ECOEMS 2026,Historia Universal,Historia Universal,16,"Algunos puntos importantes de la Revolución Industrial fueron: /n/n1. Las máquinas sustituyen la fuerza humana. /n2. Existían clases como el proletariado y la burguesía. /n3. Se originó la acumulación de capital. /n4. Se toma la Bastilla. /n5. La derrota de Napoleón en Waterloo. /n6. La Convención Nacional comprobó que Luis XVI a Austria contra Francia y lo condena a ser guillotinado.",,,,"4, 5, 6",,"1, 5, 6",,"2, 3,4",,"1, 2, 3",,"Respuesta_d",
ECOEMS 2026,Historia Universal,Historia Universal,17,"¿Qué cultura dividía su sociedad en Patricios, Plebeyos, Extranjeros y Esclavos?",,,,"China",,"Griega",,"Fenicia",,"Romana",,"Respuesta_d",
ECOEMS 2026,Historia Universal,Historia Universal,18,"Un hecho importante que dio la Revolución Inglesa fue:",,,,"Expulsar a Mahoma de la Meca",,"Las cruzadas",,"Los viajes de Marco Polo",,"Derrocamiento de los monarcas absolutistas",,"Respuesta_d",
ECOEMS 2026,Historia Universal,Historia Universal,19,"Relaciona los hechos de la historia. /n/n1. Washington /n2. Alquimista /n3. Cruzada /n4. Humanismo /n/nA) Persona que participó en expediciones guerreras para recuperar Tierra Santa /nB) Persona de Europa Medieval que tenía estudios de química básica /nC) Declaró la Independencia de las Trece Colonias (EE. UU), el 4 de Julio de 1776 /nD) Base filosófica del Renacimiento",,,,"1C, 2B, 3A, 4D",,"1B, 2D, 3A, 4C",,"1C, 2D, 3A, 4B",,"1C, 2B, 3D, 4A",,"Respuesta_a",
ECOEMS 2026,Historia Universal,Historia Universal,20,"Un hecho importante que influyó en la Independencia de las colonias Ibéricas fue:",,,,"Su creencia en un solo dios, Ala",,"Los pensamientos imperialistas",,"Ideas del Renacimiento",,"Ideas de la ilustración y la Revolución Francesa",,"Respuesta_d",
ECOEMS 2026,Historia Universal,Historia Universal,21,"Periodo de vida en Europa con duración de 1000 años (476-1453), se le conoce como Edad Oscura.",,,,"Edad Moderna",,"Renacimiento",,"Edad Media",,"Feudalismo",,"Respuesta_c",
ECOEMS 2026,Historia Universal,Historia Universal,22,"Relaciona los conceptos de la Edad Media. /n/n1. Feudalismo /n2. Cruzadas /n3. Santa Inquisición /n4. Literatura Medieval /n5. Humanismo /n6. Personajes del Feudalismo /n7. Iglesia y Emperador /n/nA) Doctrina filosófica de la Edad Media. Se basaba en el razonamiento. /nB) Expediciones guerreras que combatían a los Musulmanes para recobrar Tierra Santa. /nC) Tribunal impuesto por la iglesia. /nD) Villanos, Siervos y Libres. /nE) Tenían poder por encima de reyes y pueblo. /nF) Sistema económico, político y social en Europa del siglo IX al siglo XV. /nG) El Cid Campeador, la Divina Comedia.",,,,"1A, 2B, 3B, 4C, 5E, 6F, 7G",,"1F, 2B, 3C, 4G, 5A, 6D, 7E",,"1F, 2B, 3C, 4G, 5A, 6E, 7D",,"1F, 2C, 3B, 4G, 5A, 6D, 7E",,"Respuesta_b",
ECOEMS 2026,Historia Universal,Historia Universal,23,"Al tiempo de expansión política, militar y cultura de Grecia se le llamo:",,,,"Ilíada y Odisea",,"Helenismo",,"Guerras Médicas",,"Tiempos Espartanos",,"Respuesta_b",
ECOEMS 2026,Historia Universal,Historia Universal,24,"Ciudades importantes de la cultura Mesopotámica /n/n1. La Meca /n2. Menfis /n3. Ur /n4. Bibios /n5. Lagash /n6. Atenas",,,,"1 y 6",,"4 y 2",,"3 y 2",,"3 y 5",,"Respuesta_d",
ECOEMS 2026,Historia Universal,Historia Universal,25,"Relaciona los hechos históricos. /n/n1. Absolutismo /n2. Renacimiento /n3. Ilustración /n4. Reforma Protestante /n/nA) Fue la rebelión del monje Martin Lutero contra el Papa León X y la iglesia. /nB) Oposición a las ideas de la iglesia, sostenía que el ser humano debería tener una nueva visión del mundo. /nC) Los monarcas gobernaban en Europa con poder ilimitado y centralizado. /nD) Siglo de las luces, se basó en el renacimiento y los avances científicos. Se pretendía sacar a la gente de la ignorancia.",,,,"1A, 2C, 3D, 4B",,"1B, 2D, 3A, 4C",,"1C, 2D, 3A, 4B",,"1C, 2B, 3D, 4A",,"Respuesta_d",
ECOEMS 2026,Historia Universal,Historia Universal,26,"Ubica a los personajes del Renacimiento y sus aportaciones. /n/n1. Nicolás Copérnico y Galileo Galilei /n2. Leonardo Da Vinci y Miguel Ángel /n3. William Shakespeare y Miguel Cervantes /n4. Mecenas /n/nA) El quijote de la mancha. /nB) La Gioconda. /nC) Astrónomos. /nD) Burgueses y nobles que financiaban artes y ciencias.",,,,"1A, 2B, 3C, 4D",,"1C, 2B, 3D, 4A",,"1B, 2A, 3C, 4D",,"1C, 2B, 3A, 4D",,"Respuesta_d",
ECOEMS 2026,Historia Universal,Historia Universal,27,"Un hecho que NO es propio de la Revolución Rusa es:",,,,"La Revolución Rusa se originó en 1917",,"Las ideeas Carl Marx y Friedrich Engels influyeron en la Revolución Rusa",,"Los Bolcheviques, Trudoviques y Mencheviques eran grupos sociales en la Revolución Rusa",,"Lenin estableció el capitalismo en Rusia",,"Respuesta_d",
ECOEMS 2026,Historia Universal,Historia Universal,28,"Los países aliados en la Segunda Guerra Mundial fueron:",,,,"Italia, Francia, Inglaterra y Rusia",,"Japón, Alemania e Italia",,"E.U.A, URSS e inglaterra",,"URSS, Francia y Alemania",,"Respuesta_c",
ECOEMS 2026,Historia Universal,Historia Universal,29,"Guerra entre Estados Unidos y la URSS, consistió en el bloqueo económico y cultural entre ambos países.",,,,"Guerra de los 100 años",,"Conflicto de Vietman",,"Guerra fría",,"Tormenta del desierto",,"Respuesta_c",
ECOEMS 2026,Historia Universal,Historia Universal,30,"Tenía como objeto recuperar la estabilidad política y sancionar a Alemania por los daños causados en la Primera Guerra Mundial.",,,,"Tratado de Versalles",,"Doctrina Monroe",,"Plan Marshal",,"COMECON",,"Respuesta_a",
ECOEMS 2026,Historia Universal,Historia Universal,31,"Relaciona la función de las siguientes Organizaciones: /n/n1. ONU /n2. OMS /n3. FAO /n4. UNESCO /n5. UNICEF /n/nA) Ayuda a la infancia. /nB) Preserver la salud mundial. /nC) Velar por la educación, la ciencia y la cultura mundial. /nD) Vigila que los países respeten los derechos de los hombres, la soberanía y autodeterminación de las naciones. /nE) Velar por la buena alimentación mundial y la buena productividad alimencticia.",,,,"1D, 2B, 3E, 4C, 5A",,"1A, 2B, 3C, 4D, 5E",,"1E, 2A, 3B, 4C, 5D",,"1D, 2B, 3E, 4A, 5C",,"Respuesta_a",
ECOEMS 2026,Historia Universal,Historia Universal,32,"Ubica las grandes culturas agrícolas con su espacio geográfico. /n/nA) China /nB) Egipto /nC) India /nD) Mesopotamia /nE) Mesoamérica",ecoems_historia_universal_32_parrafo.png,,,"1A, 2D, 3C, 4B, 5E",,"1E, 2A, 3B, 4D, 5C",,"1E, 2A, 3C, 4B, 5D",,"1E, 2A, 3B, 4C, 5D",,"Respuesta_d",
ECOEMS 2026,Historia Universal,Historia Universal,33,"Relaciona los siguientes hechos históricos: /n/n1. Tratados de Tordesillas /n2. Anglicanismo /n3. Ignacio de Loyola /n4. Guerra de los cien años /n5. Martin Lutero /n/nA) Representante de la contrarreforma /nB) Conflicto entre Francia e Inglaterra por unas feudo - tierras /nC) Señala el reparto del continente americano y otorga a Brasil como propiedad portuguesa /nD) Doctrina cristiana de la iglesia oficial de Inglaterra impuesta por Enrique VIII",,,,"1C, 2D, 3A, 5B",,"1C, 2D, 3A, 4B",,"1C, 2D, 4A, 5B",,"1A, 2B, 3C, 4D",,"Respuesta_b",
ECOEMS 2026,Historia Universal,Historia Universal,34,"Fue el rey más poderosos del absolutísmo en Eurpoa, su frase /b""El estado soy yo""b/.",,,,"Enrique IV",,"Pedro I El grande",,"Luis XIV",,"Felipe II",,"Respuesta_c",
ECOEMS 2026,Historia Universal,Historia Universal,35,"A las Ideas de la llustración se les dio el nombre de:",,,,"Mecenas",,"Dspotismo ilustrado",,"Siglo de las Luces",,"Liberalismo",,"Respuesta_c",
ECOEMS 2026,Historia Universal,Historia Universal,36,"Relaciona los sucesos de la Revolución Industrial: /n/n1. Burgueses y Proletariado /n2. Vapor de agua y carbón /n3. Imperialismo /n4. Revolución Industrial /n/nA) Fueron usados como fuente de energía /nB) El incremento del comercio, la industrialización y pelea por la materia prima en otros países, condujo al: /nC) La Revolución Industrial dio origen a clases sociales, como: /nD) Se desarrolló en Inglaterra en el siglo XVIII y XIX",,,,"1A, 2C, 3B, 4D",,"1B, 2D, 3A, 4C",,"1C, 2D, 3A, 4B",,"1C, 2A, 3B, 4D",,"Respuesta_d",
ECOEMS 2026,Historia Universal,Historia Universal,37,"Un suceso que es Falso en la Independencia de las Trece Colonias es:",,,,"Su independencia fue incitada por las ideas de la ilustración",,"Declararon su independencia el 4 de julio de 1776",,"Las Trece Colonias eran propiedad de inglaterra",,"Washington no logró la independencia de las Trece Colonias",,"Respuesta_d",
ECOEMS 2026,Historia Universal,Historia Universal,38,"Relaciona los hechos históricos del Imperialismo: /n/n1. Doctrina Monroe /n2. Imperialismo /n3. Países Imperialistas /n4. Destino Manifiesto /n5. Mahatma Ghandi /n6. Origen del Imperialismo /n7. Surgió en el Siglo XIX y XX /n/nA) Logró la independencia de la India en 1947 /nB) Forma de pensar en E.U en 1845. Su destino era llevar la religión a toda América /nC) Inglaterra, Francia, Bélgica y Estados Unidos /nD) América para los americanos /nE) Grandes intereses de países poderosos /nF) Imperialismo /nG) Tendencia de un país a principios del poderoso a dominar a otro más débil.",,,,"1D, 2G, 3C, 4B, 5A, 6F, 7E",,"1D, 2G, 3C, 4A, 5B, 6E, 7F",,"1D, 2C, 3G, 4B, 5A, 6E, 7F",,"1D, 2C, 3C, 4B, 5A, 6E, 7F",,"Respuesta_a",
ECOEMS 2026,Historia Universal,Historia Universal,39,"Dio fin a la Edad Media y el inicio a la Edad Contemporánea el 14 de julio de 1789 la Revolución...",,,,"Inglesa",,"Rusa",,"De las Trece Colonias",,"Francesa",,"Respuesta_d",
ECOEMS 2026,Historia Universal,Historia Universal,40,"Durante la Revolución Francesa, ¿Cuál era el Tercer Estado?",,,,"Clero",,"Burgueses, Campesinos, Obreros",,"Nobleza",,"Monarcas absolutos",,"Respuesta_b",
ECOEMS 2026,Historia Universal,Historia Universal,41,"Relaciona los aseveraciones sobre la Cultura Romana. /n/n1. Guerras Púnicas /n2. Monarquía /n3. Galeno /n4. República /n5. Latín /n6. Guerras Médicas /n7. Tíber y Po /n8. Español /n9. Tigris y Eúfrates /n/nA) Sistemas de gobierno romano, en el que el poder está en manos del rey /nB) Lengua de los hablantes de Roma /nC) La medicina romana fue desarrollada por: /nD) Lucha entre romanos y fenicios por el control de Cartago /nE) La cultura romana se desarrollo en los ríos",,,,"6D, 3C, 9B, 4A, 9E",,"2A, 5B, 3C, 1E, 7D",,"4E, 5B, 3C, 1D, 7A",,"2A, 5B, 3C, 1D, 7E",,"Respuesta_d",
ECOEMS 2026,Historia Universal,Historia Universal,42,"Relaciona las aseveraciones sobre la Guerra Fría: /n/n1. OTAN /n2. Pacto de Varsovia /n3. Guerra Fría /n4. Capitalismo /n5. Doctrina Truman /n6. Socialismo /n7. URSS vs E.U.A /n8. Muro de Berlín /n9. Perestroika /n/nA) Sistema económico en el que las empresa explotan a los trabajadores /nB) Establece una alianza militar entre los países socialistas /nC) Guerra entre URSS y E.U.A sin usar armamento /nD) Alianza militar entre países capitalistas creada en 1949 /nE) Sistema económico en el que el gobierno controla y administra los bienes de producción /nF) EE.UU debe defender la libertad y la paz contra el socialismo",,,,"1D, 2B, 3F, 4A, 5E",,"1B, 2D, 3C, 4E, 5F",,"1C, 2B, 3F, 4A, 9E",,"1D, 2B, 3C, 4A, 5F",,"Respuesta_d",
ECOEMS 2026,Historia Universal,Historia Universal,43,"Un hecho histórico que NO es verdadero de los países del Eje (Alemania - Italia - Japón) Berlín - Roma - Tokyo en la Segunda Guerra Mundial es:",,,,"Alemania - Berlín, su líder Nazi Adolf Hitler",,"Japón - Tokyo, su emperador Hiro-Hito",,"Italia - Roma, su líder fascista B. Mussolini",,"Los países del eje pretendían construir un gobierno mundial e igualitario",,"Respuesta_d",
ECOEMS 2026,Historia Universal,Historia Universal,44,"Después de la muerte de Mahoma los Musulmanes adoptaron como forma de gobierno al...",,,,"Al faraón",,"La monarquía",,"La democracia",,"El califato",,"Respuesta_d",
ECOEMS 2026,Historia Universal,Historia Universal,45,"¿Cuándo y dónde se llevó a cabo la Segunda Guerra Mundial?",,,,"En 1917 en Rusia",,"De 1914 a 1918 en los imperios centrales",,"En 1950 en Corea y 1962 en Vietnam",,"De 1939 a 1945 en Europa, Asia y África",,"Respuesta_d",
ECOEMS 2026,Historia Universal,Historia Universal,46,"¿Cuál de los siguientes fragmentos historicos es INCORRECTO?",,,,"La Guerra Fría inicia en 1947 y termina en 1989",,"EE.UU representa al capitalismo y Rusia el socialismo",,"Perestroika, significa reestructuración en la vida social, económica y política de la URSS. Fue impuesta por Mikhail Gorbachov en 1985",,"E.U.A, Francia e Inglaterra son miembros del PACTO DE VARSOVIA",,"Respuesta_d",
ECOEMS 2026,Historia Universal,Historia Universal,47,"A finales del siglo XIX y principios del siglo XX, existió rivalidad entre las Potencias Imperialistas (Inglaterra, Francia, Bélgica y EE.UU) trayendo como consecuencia:",,,,"El liberalismo",,"La ilustración",,"El Destino Manifiesto",,"La Primera Guerra Mundial",,"Respuesta_d",
ECOEMS 2026,Historia Universal,Historia Universal,48,"Un punto que NO corresponde a la Ilustración está en el inciso:",,,,"Los filosófos ilustrados fueron Voltaire, Montesquie y Rousseau",,"Se criticaba fuertemente al sistema absolutista",,"La ilustración influyó en América en las ideas de la independencia",,"La Ilustración pretendía tener a la gente en la ignorancia",,"Respuesta_d",
ECOEMS 2026,Historia Universal,Historia Universal,49,"Un hecho que NO corresponde a la independencia de la Colonias ibéricas es la relación con el inciso:",,,,"Miguel Hidalgo independiza a la Nueva España - México",,"José de San Martín a Chile y Argentina",,"Simón Bolivar a Perú, Bolivia, Colombia y Venezuela",,"Antonio de Sucre independiza Argentina",,"Respuesta_d",
ECOEMS 2026,Historia Universal,Historia Universal,50,"En la Segunda Guerra Mundial un personaje que NO es correcto en la representación de su país es:",,,,"URSS-Stanlin",,"Inglaterra - Churchill",,"E.U.A - Roosvelt",,"Alemania - Hiro-Hito",,"Respuesta_d",
ECOEMS 2026,Historia Universal,Historia Universal,51,"A los seguidores del Islam se les llama:",,,,"Cristianos",,"Jesuitas",,"Católicos",,"Musulmanes",,"Respuesta_d",
ECOEMS 2026,Historia Universal,Historia Universal,52,"Completa los siguientes acontecimientos históricos: /n/n1. Feudos /n2. Guerras Médicas /n3. Vasallo /n4. Bárbaros /n5. Guerras del Peloponeso /n6. Siervos /n7. Thomas Jefferson /n8. Robert Owen /n/nA) Representante del socialismo utópico /nB) Persona que era propiedad del señor feudal /nC) Guerra entre griegos y persas /nD) Redactó la declaración de independencia de Estados Unidos /nE) Guerras entre Esparta y Atenas /nF) Tierras que dieron los reyes a nobles como premio por su apoyo en las batallas",,,,"1F, 2C, 3B, 4A, 5E, 8A",,"1F, 2C, 4B, 5E, 7A, 8D",,"1F, 2C, 3B, 5E, 7D, 8A",,"1F, 2E, 4B, 5E, 6A, 8D",,"Respuesta_c",
ECOEMS 2026,Historia Universal,Historia Universal,53,"Grupo social de la Revolución Rusa originada en 1917, pretendía que las ganancias se repartieran en partes iguales entre los trabajadores, tomaron el poder al terminar esta Revolución.",,,,"Mencheviques",,"Grupo Zarista",,"Trudoviques",,"Bolcheviques",,"Respuesta_d",
ECOEMS 2026,Historia Universal,Historia Universal,54,"Relaciona los filósofos con su opción correcta: /n/n1. Sócrates /n2. Platón /n3. Aristóteles /n4. Homero /n5. Heródoto /n/nA) Pensaba que cada persona tiene un don natural /nB) Historiador (Padre de la Historia) /nC) Fundador de la filosofía /nD) Clasificó el conocimiento en ramas: Política, Física y literatura /nE) Escribió la llíada y la Odisea",,,,"1A, 2B, 3C, 4D, 5E",,"1A, 2C, 3D, 4E, 5B",,"1A, 2C, 3D, 4B, 5E",,"1A, 2D, 3C, 4E, 5B",,"Respuesta_b",
ECOEMS 2026,Historia Universal,Historia Universal,55,"El asesinato del archiduque austriaco Francisco Fernando de Sarajevo fue la causa de:",,,,"Segunda Guerra Mundial",,"Guerra Fría",,"Revolución Rusa",,"Primera Guerra Mundial",,"Respuesta_d",
ECOEMS 2026,Historia de México,Historia de México,1,"Fue la clase /umás privilegiadau/ de la /bNueva Españab/:",,,,"Mestizos",,"Mulatos",,"Criollos",,"Peninsulares",,Respuesta_d,
ECOEMS 2026,Historia de México,Historia de México,2,"Un enunciado es /bINCORRECTOb/ y es precisamente el inciso:",,,,"A los olmecas les llamaban habitantes del país de hule",,"Halach Unic era él jefe supremo de los mayas",,"Los teotihuacanos construyeron las pirámides del Sol y de la Luna",,"Tula era él centro ceremonial de los chichimecas",,Respuesta_d,
ECOEMS 2026,Historia de México,Historia de México,3,"En la /bNueva Españab/ existían diferentes sistemas de trabajo, encuentra su relación: /n/n/bI. Encomiendasb/ /n/bII. Peonajeb/ /n/bIII. Mercedes realesb/ /n/na) Personas indígenas que trabajaban en haciendas y que recibían cómo pago alimento por su trabajo /nb) Los indios se ponían a disposición de los hacendados como dueños y patrones, manejando así su tutela-vida. /nc) Privilegios (haciendas-tierras) que recibían los conquistadores por sus servicios en la guerra",,,,"1B, 2A, 3C",,"1A, 2B, 3C",,"1A, 2C, 3B",,"1B, 2C, 3A",,Respuesta_d,
ECOEMS 2026,Historia de México,Historia de México,4,"Ordena cronológicamente los hechos de la /bIndependencia de Méxicob/: /n/n/iI. Consumación de independencia /nII. Se toman las ideas de la ILUSTRACIÓN como ejemplo para nuestra independencia /nIII. Se reconoce como presidente de México a Guadalupe Victoria /nIV. Grito de Doloresi/",,,,"I, II, III, IV",,"IV, II, III, I",,"II, IV, III, I",,"II, IV, I, III",,Respuesta_b,
ECOEMS 2026,Historia de México,Historia de México,5,"Relaciona los /bPlanes de Méxicob/: /n/n/i/bI. Plan de Guadalupe /nII. Plan de Ayutla /nIII. Plan de Tuxtepec /nIV. Plan de Ayala /nV. Plan de San Luis /nVI. Plan de Guadalupe /nVII. Plan de Tacubayab/ /n/na) Fue promulgado por Venustiano Carranza, desconoce a Victoriano Huerta como presidente /nb) Fue lanzado por Agustín de Iturbide, proclamaba la independencia de la Nueva España /nc) Promulgado por Madero, desconoce a Porfirio Díaz como presidente, su lema 'Sufragio Efectivo, No Reelección' /nd) Plan promulgado por Porfirio Díaz, desconoce la reelección del presidente Lerdo de Tejada /ne) Desconoce el gobierno de Santa Anna, convoca a un Congreso Constituye /nf) Fue promulgado por Emiliano Zapata, desconoce a Madero como presidente, su lema es 'Tierra y Libertad'i/",,,,"1A, 2B, 3C, 4D, 5E, 7F",,"1B, 2E, 3D, 4F, 5A, 6C",,"1B, 2D, 3E, 4A, 5C, 6F",,"1B, 2D, 3E, 4A, 5C, 6A",,Respuesta_b,
ECOEMS 2026,Historia de México,Historia de México,6,"Las grandes /bfiguras de la literaturab/ en la /bNueva Españab/ o del Siglo XVII fueron:",,,,"Guillermo Prieto y Francisco Zarco",,"Sor Juana Inés de la Cruz y Carlos de Sigüenza y Góngora",,"Manuel Payno y Benito Pérez Galdós",,"Vicente Riva Palacio y Sor Juana Inés",,Respuesta_b,
ECOEMS 2026,Historia de México,Historia de México,7,"Determina que enunciado es /bINCORRECTOb/:",,,,"El mestizo es hijo de español e india",,"El castizo es hijo de mestizo y española",,"El mulato es de español con negra",,"Los zambos eran hijos de negros",,Respuesta_d,
ECOEMS 2026,Historia de México,Historia de México,8,"Las organizaciones semi-secretas que intervinieron en la política de México recién independizado eran los Guadalupes y...",,,,"Los insurgentes",,"Los cristeros",,"Los clubes liberales",,"Las logias masónicas",,Respuesta_d,
ECOEMS 2026,Historia de México,Historia de México,9,"Base económica en la que se apoyaba la iglesia para sacerdotes y eventos religiosos durante la /bcoloniab/:",,,,"Tiendas de raya",,"Haciendas",,"Capellanías",,"Encomiendas",,Respuesta_c,
ECOEMS 2026,Historia de México,Historia de México,10,"Ordena cronológicamente los acontecimientos de la /bintervención francesab/: /n/n/iI. Entra Maximiliano y Carlota a la Ciudad de México /nII. Fusilamiento de Miramón y Mejía en el Cerro de las Campanas /nIII. Alianza tripartita o Convención de Londres 1861 /nIV. Batalla del 5 de mayoi/",,,,"III, IV, I, II",,"III, II, IV, I",,"I, III, II, IV",,"IV, III, II, I",,Respuesta_c,
ECOEMS 2026,Historia de México,Historia de México,11,"Relaciona las siguientes /bculturas del México Prehispánicob/: /n/n/b/iI. Olmecas /nII. Mayas /nIII. Teotihuacanos /nIV. Zapotecos /nV. Mixtecos /nVI. Toltecas /nVII. Aztecasb/ /n/na) Su rey era el Hueytlatoani. La escuela del pueblo Tepochcalli, de los nobles Calmécac /nb) Habitaron el Valle Central de Oaxaca, su escritura era ideográfica su dios supremo Pije-tao /nc) Tula fue su centro ceremonial, su jefe supremo Mixcóatl /nd) Habitaron el occidente de Oaxaca, el pectoral de oro representa la cultura /ne) Adoraban a Quetzalcóatl y Tláloc, edificaron la pirámide del Sol y la Luna /nf) Su ciudad ceremonial fue Tikal, crearon el sistema de numeración vigésima, descubrieron el uso del cero /ng) Sus sitios arqueológicos. La venta, San Lorenzo y Tres Zapotesi/",,,,"1G, 2F, 3B, 4E, 5D, 6C, 7A",,"1G, 2F, 3E, 4B, 5D, 6C, 7A",,"1A, 2F, 3E, 4D, 5G, 6C, 7A",,"1G, 2F, 3A, 4B, 5D, 6C, 7E",,Respuesta_b,
ECOEMS 2026,Historia de México,Historia de México,12,"Dentro de la /borganización social y política de los mexicasb/, existe una relación /bINCORRECTAb/ en el inciso:",,,,"La Triple Alianza fue formada por Tenochtitlán-Texcoco y Tlacopan",,"Procedían de un lugar llamado Aztlán",,"El caudillo de los aztecas fue Tenoch",,"El Calendario Azteca no fue una aportación de la cultura mexica",,Respuesta_d,
ECOEMS 2026,Historia de México,Historia de México,13,"Apoyaron con dinero a Cristóbal Colón para descubrir una nueva ruta para llegar a la India y China, los reyes Católicos /bIsabel de Castillasb/ y...",,,,"Napoleón III",,"Luis XIV",,"Fernando de Aragón",,"Pedro I",,Respuesta_c,
ECOEMS 2026,Historia de México,Historia de México,14,"Se formaron del /bcruzamiento entre las razas española, india y negrab/.",,,,"Colonias",,"Sectas religiosas",,"Lenguas",,"Castas",,Respuesta_d,
ECOEMS 2026,Historia de México,Historia de México,15,"/uActividad económica principalu/ en la /bNueva Españab/:",,,,"Agricultura",,"Minería",,"Ganadería",,"Artesanía",,Respuesta_b,
ECOEMS 2026,Historia de México,Historia de México,16,"/uNo es una nueva ordenu/ religiosa que existió durante la /bColoniab/:",,,,"Franciscanos",,"Jesuitas",,"Cruzados",,"Agustinos",,Respuesta_c,
ECOEMS 2026,Historia de México,Historia de México,17,"Tratados firmados el 13 de septiembre de 1821 por el /uVirreyu/ /bJuan O' Donojúb/, reconocen la independencia de México.",,,,"De Velasco",,"De Guadalupe-Hidalgo",,"De Córdoba",,"De Bucareli",,Respuesta_c,
ECOEMS 2026,Historia de México,Historia de México,18,"Relaciona las /bLeyes de Reformab/, promulgadas en el /uCongreso de 1856u/: /n/n/b/iI. Ley Juárez /nII. Ley Iglesias /nIII. Ley Lerdo /nIV. Ley Lafraguab/ /n/na) Libertad de escritura /nb) Separación de la iglesia y el estado /nc) Reglamentar servicios religiosos /nd) Desamortización de bienes de corporaciones civiles y eclesiásticosi/",,,,"1B, 2C, 3A, 4D",,"1A, 2C, 3B, 4D",,"1B, 2A, 3C, 4D",,"1B, 2C, 3D, 4A",,Respuesta_d,
ECOEMS 2026,Historia de México,Historia de México,19,"¿Qué nombre recibió la lucha /usostenidau/ entre /bconservadoresb/ (Miguel Miramón) y /bliberalesb/ (Benito Juárez) por la presidencia de la república?",,,,"Guerra de los cien años",,"Intervención francesa",,"Guerra de los pasteles",,"Guerra de los tres años",,Respuesta_d,
ECOEMS 2026,Historia de México,Historia de México,20,"/uBatalla sangriente que duró 10 díasu/ en la ciudad de México, culminó con el asesinato de /bFrancisco I. Maderob/:",,,,"Batalla del cerro de las campanas",,"Guerra de tres años",,"Toma de Torreón",,"Decena trágica",,Respuesta_d,
ECOEMS 2026,Historia de México,Historia de México,21,"Los /bTratados de Velascob/ fueron firmados por /uAntonio López de Santa Annau/ en 1824, reconociendo la separación de:",,,,"Alta California",,"Nuevo México",,"La Mesilla",,"Texas",,Respuesta_d,
ECOEMS 2026,Historia de México,Historia de México,22,"Enunciado que es /bINCORRECTOb/ a los principios de la /bConstitución de 1857b/ es:",,,,"Se rige por tres poderes: Ejecutivo, Legislativo y Judicial",,"Prohíbe el fuero-sobrepoder de la iglesia y el ejército",,"Protege las garantías individuales",,"Estaba contra la representación política, popular y el voto",,Respuesta_d,
ECOEMS 2026,Historia de México,Historia de México,23,"Durante la /bReformab/ /uexistieron dos Gruposu/: /bLiberalesb/ y /bConservadoresb/. Relaciona los pensamientos que corresponden a cada uno: /n/n/i/bI. CONSERVADORES /nII. LIBERALESb/ /n/na) Igualdad para todos ante la ley /nb) Que el clero mantuviera sus bienes /nc) Mantener la sociedad colonial con sus privilegios /nd) Un gobierno federal y representativo /ne) Estaba contra los privilegios del clero y el ejércitoi/",,,,"1A-B, 2C-D-E",,"1B-C, 2A-D-E",,"1D-E, 2A-B-C",,"1B-D, 2A-C-E",,Respuesta_b,
ECOEMS 2026,Historia de México,Historia de México,24,"/uIdentifica los logrosu/ que se dieron durante el gobierno del /bGeneral Lázaro Cárdenasb/: /n/n/iI. Se funda el Instituto Politécnico Nacional /nII. El 18 de marzo de 1936 se nacionaliza la industria petrolera /nIII. Nacionalización de la industria eléctrica /nIV. En 1937 nacionaliza los ferrocarriles /nV. Se inicia la etapa llamada 'MAXIMATO' en la cual el presidente imponía a los presidentesi/",,,,"I, II, IV",,"II, III, V",,"I, III, V",,"III, IV, V",,Respuesta_a,
ECOEMS 2026,Historia de México,Historia de México,25,"El periodo conocido como ""/bPorfiriatob/"" abarca los años:",,,,"1810-1821",,"1850-1919",,"1910-1914",,"1876-1911",,Respuesta_d,
ECOEMS 2026,Historia de México,Historia de México,26,"Era un personaje conservador de la /bReforma Liberalb/:",,,,"Lucas Alamán",,"Melchor Ocampo",,"Juan Álvarez",,"Ignacio Comonfort",,Respuesta_a,
ECOEMS 2026,Historia de México,Historia de México,27,"¿Qué nombre recibió el /b""Programa del Partido Liberal Mexicano""b/ escrito por los hermanos /uFlores Magónu/, pretendía la no reelección de los presidentes?",,,,"Plan sexenal",,"Maximato",,"Positivismo",,"Magonismo",,Respuesta_d,
ECOEMS 2026,Historia de México,Historia de México,28,"Doctrina creada por el francés /bAugusto Comteb/, su lema era ""/i/bORDEN Y PROGRESOb/i/"". Porfirio Díaz justificaba sus actos en nombre de ""/uorden y progresou/"":",,,,"Magonismo",,"Doctrina Estrada",,"Positivismo",,"Huelga",,Respuesta_c,
ECOEMS 2026,Historia de México,Historia de México,29,"Es un enunciado que /bNOb/ representa los intereses de la /uConstitución de 1824u/:",,,,"Reafirmó la independencia de México",,"Dividió el territorio mexicano en 19 estados",,"Controló los privilegios de la iglesia y el ejército",,"El control estaba en manos de un poder central",,Respuesta_d,
ECOEMS 2026,Historia de México,Historia de México,30,"Son factores que ayudaron a la caída del /bSistema Porfiristab/: /n/n/iI. Doctrina llamada positivismo /nII. Huelga de Cananea, Sonora en 1906 /nIII. La formación del Partido Nacional Antirreeleccionista /nIV. Representación a las ideas de libertad e igualdad /nV. Huelga de Río Blanco, Veracruzi/",,,,"II, III, V",,"I, IV, V",,"III, IV, V",,"I, II, V",,Respuesta_a,
ECOEMS 2026,Historia de México,Historia de México,31,"/uÚltimo emperador aztecau/, hijo de /bAhuitzolb/:",,,,"Moctezuma Ilhuicamina",,"Halach Unic",,"Tenoch",,"Cuauhtémoc",,Respuesta_d,
ECOEMS 2026,Historia de México,Historia de México,32,"A la /uConvención de Aguascalientesu/ se le /bconsiderab/:",,,,"El inicio del asesinato de Zapata",,"El fin del imperio de Maximiliano",,"La declinación del gobierno de Madero",,"El mejor momento de los ejércitos de Villa y Zapata",,Respuesta_d,
ECOEMS 2026,Historia de México,Historia de México,33,"Tratado que establece la /brendición de Victoriano Huertab/, disuelve al ejército federal y nombra a Carranza como jefe del /uEjecutivo Federalu/:",,,,"De Teoloyucan",,"De Bucareli",,"De Córdoba",,"La Huertista",,Respuesta_a,
ECOEMS 2026,Historia de México,Historia de México,34,"/uEstableceu/ la /beducación laicab/, declara a la /unación propietaria de las tierras y aguasu/, reglamenta la propiedad de la tierra y los /bderechos de los obrerosb/:",,,,"Ideario Político de Morelos",,"Neoliberalismo",,"Capellanías",,"Constitución de 1917",,Respuesta_d,
ECOEMS 2026,Historia de México,Historia de México,35,"La /bRevolución Mexicanab/ /uiniciau/ el:",,,,"10 de septiembre de 1810",,"28 de noviembre de 1911",,"20 de noviembre de 1910",,"5 de febrero de 1917",,Respuesta_c,
ECOEMS 2026,Historia de México,Historia de México,36,"Son /ucausasu/ que provocaron la /ucaídau/ del /bSegundo Imperiob/: /n/n/iI. Napoleón III retira sus tropas de México /nII. La gran fuerza política de Benito Juárez /nIII. La Alianza Tripartita /nIV. Maximiliano y Carlota enfrentaron problemas económicos /nV. El sitio de Querétaro, mayo de 1867i/",,,,"I, II, IV, V",,"I, III, IV",,"III, IV, V",,"II, V",,Respuesta_a,
ECOEMS 2026,Historia de México,Historia de México,37,"/uRelaciona los hechosu/ presidenciales del /bMéxico Contemporáneob/: /n/n/i/bI. Álvaro Obregón /nII. Adolfo López Mateos /nIII. Emilio Portes Gill /nIV. Lázaro Cárdenas /nV. Miguel de la Madrid /nVI. Carlos Salinas /nVII. Manuel Ávila Camachob/ /n/na) Firmó el Tratado de Libre Comercio /nb) Creó la Secretaría de Educación Pública /nc) Crea el Instituto Mexicano del Seguro Social /nd) Implantó un gobierno neoliberal /ne) Expropió el petróleo /nf) Inicia la etapa llamada ""Maximato"" /ng) Nacionaliza la industria eléctricai/",,,,"1B, 2G, 3F, 4E, 5D, 6C, 7A",,"1G, 2B, 3E, 4F, 5A, 6C, 7D",,"1B, 2G, 3F, 4E, 5D, 6A, 7C",,"1B, 2G, 3F, 4D, 5E, 6C, 7A",,Respuesta_c,
ECOEMS 2026,Química,Química,1,"¿Qué es la Química?",,,,"La ciencia que estudia la composición, estructura y propiedades de la materia.",,"La ciencia que estudia los cambios que experimenta la materia durante las reacciones químicas y su relación con la energía.",,"La ciencia que estudia las sustancias y las partículas que las componen.",,"La ciencia que estudia las distintas dinámicas que entre las sustancias pueden darse.",,Respuesta_b,
ECOEMS 2026,Química,Química,2,"¿Qué es la materia?",,,,"Todo aquello que se extiende en cierta región del espacio-tiempo y posee energía.",,"Todo aquello que está sujeto a cambios en el tiempo y a interacciones con aparatos de medida.",,"Todo lo que ocupa un espacio y tiene masa, forma, peso y volumen.",,"El material, sustancia o producto del que está hecho una cosa.",,Respuesta_c,
ECOEMS 2026,Química,Química,3,"¿Qué es un átomo?",,,,"La parte más pequeña de una sustancia que no se puede descomponer químicamente.",,"La unidad más básica de la materia con propiedades de un elemento químico.",,"El componente fundamental de toda la materia.",,"La partícula más simple que forma la materia.",,Respuesta_b,
ECOEMS 2026,Química,Química,4,"¿Qué es un cambio físico?",,,,"Una transformación en la que no varía la naturaleza ni la composición de la materia.",,"Un cambio que altera la forma de la materia sin modificar su composición.",,"Un cambio que no implica una reacción química.",,"Un cambio de estado de agregación de la materia (sólido, líquido, gaseoso) y otras propiedades físicas como el color, la densidad o el magnetismo.",,Respuesta_b,
ECOEMS 2026,Química,Química,5,"¿Qué es un cambio químico?",,,,"Un proceso químico en el cual dos o más sustancias (llamadas reactivos), por efecto de un factor energético, se transforman en otras sustancias llamadas productos.",,"Un tipo de alteración en la materia que modifica su constitución química, o sea, que altera su naturaleza y no solamente su forma.",,"Un proceso que lleva a una o más sustancias (denominadas reactivos) a modificar su estructura y los enlaces de sus moléculas, convirtiéndose en otras sustancias que reciben el nombre de productos.",,"Un proceso en el que una o varias sustancias o materias, también llamadas reactivos, sufren la modificación de sus estructuras moleculares y se transforman en otras sustancias o materias nuevas, denominadas productos.",,Respuesta_a,
ECOEMS 2026,Química,Química,6,"¿Qué es un elemento?",,,,"Un principio físico o químico de los cuerpos.",,"Una sustancia formada por átomos que tienen el mismo número de protones nucleares.",,"Un principio químico o físico que forma parte de la composición de un cuerpo.",,"Una sustancia que está constituida por el mismo tipo de átomos y que no se puede dividir en sustancias más simples por medios físicos o químicos.",,Respuesta_d,
ECOEMS 2026,Química,Química,7,"¿Qué es un compuesto?",,,,"Algo que está formado a partir de la combinación de dos o más elementos.",,"Una sustancia que está formada por dos o más elementos de la tabla periódica.",,"Una sustancia formada por la combinación química de dos o más elementos de la tabla periódica.",,"El elemento creado a partir de la suma de distintas partes.",,Respuesta_c,
ECOEMS 2026,Química,Química,8,"¿Qué es una mezcla homogénea?",,,,"Una unión de dos o más sustancias en la que no se pueden distinguir las sustancias originales.",,"Una combinación de 2 o más elementos o sustancias inidentificables dentro de la solución.",,"Un tipo de mezcla en la cual no se distinguen sus componentes y en la que la composición es uniforme y cada parte de la solución posee las mismas propiedades.",,"Una mezcla cuyos componentes no se pueden diferenciar a simple vista.",,Respuesta_c,
ECOEMS 2026,Química,Química,9,"¿Qué es una mezcla heterogénea?",,,,"Una mezcla que tiene una composición no uniforme.",,"Una combinación de 2 o más elementos o sustancias en la cual sus componentes pueden ser identificados.",,"Un material compuesto por la unión de dos o más sustancias no vinculadas químicamente.",,"Una mezcla en la que sus componentes suelen distinguirse fácilmente entre sí.",,Respuesta_b,
ECOEMS 2026,Química,Química,10,"¿Qué es el número atómico?",,,,"El número total de protones que tiene cada átomo de un elemento químico.",,"La cantidad de protones que se encuentra presente en el núcleo de un átomo.",,"El número que representa el número de protones en el interior del núcleo de un átomo.",,"El número que indica la cantidad de protones que se encuentra presente en el núcleo de un átomo.",,Respuesta_a,
ECOEMS 2026,Química,Química,11,"¿Qué es la valencia?",,,,"El número de electrones que un átomo de un elemento químico determinado posee en su último nivel de energía.",,"La cifra que da cuenta de las posibilidades de combinación que tiene un átomo respecto a otros para lograr constituir un compuesto.",,"El número de electrones que le faltan o debe ceder un elemento químico para completar su último nivel de energía.",,"Una medida relacionada a la cantidad de enlaces químicos que establecen los átomos de un elemento químico.",,Respuesta_b,
ECOEMS 2026,Química,Química,12,"¿Qué es el número de oxidación?",,,,"Un número entero que representa el número de electrones que un átomo pone en juego cuando forma un compuesto determinado.",,"La carga eléctrica ficticia que se le asigna a un átomo.",,"Un número utilizado para representar el valor positivo o negativo que se le asigna a un átomo que forma parte de una molécula o ion.",,"Aquel que describe la ganancia o pérdida de electrones en un átomo, asumiendo que el compuesto del que forma parte tiene un carácter puramente iónico.",,Respuesta_a,
ECOEMS 2026,Química,Química,13,"¿Qué es la masa atómica?",,,,"La masa que posee un átomo mientras está en reposo.",,"La suma de las masas de sus protones y neutrones expresadas con uma o u.",,"La masa que surge de la totalidad de masa de los protones y neutrones pertenecientes a un único átomo en estado de reposo.",,"La unidad que permite calcularla y reflejarla es la masa atómica unificada.",,Respuesta_b,
ECOEMS 2026,Química,Química,14,"¿Cuáles son las características del estado sólido?",,,,"Opone resistencia a cambios de forma y de volumen.",,"Sus partículas se encuentran juntas y también se ven correctamente ordenadas.",,"Las moléculas de un sólido tienen una gran cohesión y adoptan formas bien definidas.",,"Tienen masa, volumen y formas definidas.",,Respuesta_c,
ECOEMS 2026,Química,Química,15,"¿Cuáles son las características del estado gaseoso?",,,,"Los gases contienen menos partículas que líquidos y sólidos.",,"Las partículas están muy separadas entre sí, por lo que su interacción es poca.",,"Las partículas están en movimiento constante y desordenado.",,"Los gases no tienen forma ni volumen definidos.",,Respuesta_c,
ECOEMS 2026,Química,Química,16,"¿Cuáles son las características del estado líquido?",,,,"Los líquidos no tienen forma definida, así que adquieren la del recipiente en donde se los contenga.",,"Los líquidos son fluidos, lo que les permite pasar espontáneamente de un recipiente a otro.",,"La viscosidad de los líquidos es su resistencia para fluir y a deformarse.",,"Los líquidos presentan superficie dinámica.",,Respuesta_a,
ECOEMS 2026,Química,Química,17,"¿Cuáles son las características del estado de plasma?",,,,"El plasma es un gas ionizado.",,"Este gas está compuesto por átomos ionizados y contiene electrones libres e iones positivos y negativos.",,"El plasma consiste en un gas caliente, brillante y altamente ionizado.",,"El plasma cobra propiedades únicas que lo diferencia del estado gaseoso o de cualquier otro gas en particular.",,Respuesta_b,
ECOEMS 2026,Química,Química,18,"¿Cuál de los siguientes cambios de estado de la materia ocurre cuando un sólido se convierte en un líquido?",,,,"Fusión",,"Solidificación",,"Vaporización",,"Sublimación",,Respuesta_a,
ECOEMS 2026,Química,Química,19,"¿Cuál de los siguientes cambios de estado de la materia ocurre cuando un líquido se convierte en un sólido?",,,,"Fusión",,"Solidificación",,"Vaporización",,"Sublimación",,Respuesta_b,
ECOEMS 2026,Química,Química,20,"¿Cuál de los siguientes cambios de estado de la materia ocurre cuando un líquido se convierte en un gas?",,,,"Fusión",,"Solidificación",,"Vaporización",,"Sublimación",,Respuesta_c,
ECOEMS 2026,Química,Química,21,"¿Cuál de los siguientes cambios de estado de la materia ocurre cuando un sólido se convierte directamente en un gas?",,,,"Fusión",,"Solidificación",,"Vaporización",,"Sublimación",,Respuesta_d,
ECOEMS 2026,Química,Química,22,"¿Cuál de los siguientes cambios de estado de la materia ocurre cuando un gas se convierte directamente en un sólido?",,,,"Fusión",,"Solidificación",,"Vaporización",,"Sublimación inversa",,Respuesta_d,
ECOEMS 2026,Química,Química,23,"¿Cuál de las siguientes opciones es una característica común de los no metales?",,,,"Son buenos conductores de electricidad",,"Son maleables",,"Son brillantes",,"Son malos conductores de calor y electricidad",,Respuesta_d,
ECOEMS 2026,Química,Química,24,"¿Cuál de las siguientes opciones es una característica común de los metales?",,,,"Son malos conductores de electricidad",,"Son maleables",,"Son opacos",,"Tienen puntos de fusión altos",,Respuesta_b,
ECOEMS 2026,Química,Química,25,"¿Cuál de las siguientes opciones es una forma en que se clasifican los elementos en la tabla periódica?",,,,"Por su tamaño",,"Por su color",,"Por su número atómico",,"Por su olor",,Respuesta_c,
ECOEMS 2026,Química,Química,26,"¿Cuál de las siguientes opciones es una definición correcta de la energía?",,,,"La capacidad de un sistema para realizar trabajo",,"La cantidad de materia en un objeto",,"La velocidad a la que un objeto se mueve",,"La fuerza que se aplica a un objeto",,Respuesta_a,
ECOEMS 2026,Química,Química,27,"¿Cuál de las siguientes opciones es una definición correcta de la energía cinética?",,,,"La energía que posee un objeto debido a su movimiento",,"La energía almacenada en un objeto debido a su posición o forma",,"La energía producida por el calor del interior de la Tierra",,"La energía producida por el movimiento de las olas del mar",,Respuesta_a,
ECOEMS 2026,Química,Química,28,"¿Cuál de las siguientes opciones es una definición correcta de la energía potencial?",,,,"La energía que posee un objeto debido a su movimiento",,"La energía almacenada en un objeto debido a su posición o forma",,"La energía producida por el calor del interior de la Tierra",,"La energía producida por el movimiento de las olas del mar",,Respuesta_b,
ECOEMS 2026,Química,Química,29,"¿Cuál de las siguientes opciones es una definición correcta de la energía geotérmica?",,,,"La energía que posee un objeto debido a su movimiento",,"La energía almacenada en un objeto debido a su posición o forma",,"La energía producida por el calor del interior de la Tierra",,"La energía producida por el movimiento de las olas del mar",,Respuesta_c,
ECOEMS 2026,Química,Química,30,"¿Cuál de las siguientes opciones es una definición correcta de la energía mareomotriz?",,,,"La energía que posee un objeto debido a su movimiento",,"La energía almacenada en un objeto debido a su posición o forma",,"La energía producida por el calor del interior de la Tierra",,"La energía producida por el movimiento de las olas del mar",,Respuesta_d,
ECOEMS 2026,Química,Química,31,"¿Cuál de las siguientes opciones es una definición correcta de la energía eléctrica?",,,,"La energía que posee un objeto debido a su movimiento",,"La energía almacenada en un objeto debido a su posición o forma",,"La energía producida por el calor del interior de la Tierra",,"La energía asociada con cargas eléctricas en movimiento o en reposo",,Respuesta_d,
ECOEMS 2026,Química,Química,32,"¿Cuál de las siguientes opciones es una definición correcta de la energía eólica?",,,,"La energía que posee un objeto debido a su movimiento",,"La energía almacenada en un objeto debido a su posición o forma",,"La energía producida por el calor del interior de la Tierra",,"La energía producida por el viento",,Respuesta_d,
ECOEMS 2026,Química,Química,33,"¿Cuál de las siguientes opciones es una definición correcta del pH?",,,,"La medida de la acidez o basicidad de una solución",,"La cantidad de calor en un sistema",,"La cantidad de luz en un sistema",,"La cantidad de electricidad en un sistema",,Respuesta_a,
ECOEMS 2026,Química,Química,34,"¿Qué estudia la química orgánica?",,,,"Los compuestos que contienen carbono",,"Los compuestos que contienen hidrógeno",,"Los compuestos que contienen oxígeno",,"Los compuestos que contienen nitrógeno",,Respuesta_a,
ECOEMS 2026,Química,Química,35,"¿Qué estudia la química inorgánica?",,,,"Los compuestos que contienen carbono",,"Los compuestos que no contienen carbono",,"Los compuestos que contienen hidrógeno",,"Los compuestos que contienen oxígeno",,Respuesta_d,
ECOEMS 2026,Química,Química,36,"¿Cuál de las siguientes opciones es verdadera sobre el principio de la conservación de la materia?",,,,"La materia puede ser creada o destruida en una reacción química",,"La cantidad total de materia en un sistema cerrado siempre permanece constante",,"La cantidad total de materia en un sistema cerrado puede aumentar o disminuir",,"La materia puede ser transformada en energía y viceversa",,Respuesta_d,
ECOEMS 2026,Química,Química,37,"¿Cuál de las siguientes opciones es verdadera sobre el principio de la conservación de la energía?",,,,"La energía puede ser creada o destruida",,"La cantidad total de energía en un sistema cerrado siempre permanece constante",,"La cantidad total de energía en un sistema cerrado puede aumentar o disminuir",,"La energía puede ser transformada en materia y viceversa",,Respuesta_d,
ECOEMS 2026,Química,Química,38,"¿Cuál de las siguientes opciones es una característica física del agua?",,,,"Es un líquido incoloro, inodoro e insípido",,"Es un gas incoloro, inodoro e insípido",,"Es un sólido incoloro, inodoro e insípido",,"Es un líquido de color amarillo, con olor y sabor fuerte",,Respuesta_a,
ECOEMS 2026,Química,Química,39,"¿Cuál de las siguientes opciones es una característica química del agua?",,,,"Es un líquido incoloro, inodoro e insípido",,"Es un compuesto formado por dos átomos de hidrógeno y uno de oxígeno",,"Es un sólido incoloro, inodoro e insípido",,"Es un líquido de color amarillo, con olor y sabor fuerte",,Respuesta_b,
ECOEMS 2026,Química,Química,40,"¿Qué es el aire?",,,,"Una mezcla de gases que componen la atmósfera de la Tierra",,"Un líquido incoloro, inodoro e insípido",,"Un sólido incoloro, inodoro e insípido",,"Un líquido de color amarillo, con olor y sabor fuerte",,Respuesta_a,
ECOEMS 2026,Química,Química,41,"¿Cuál de la composición del aire?",,,,"El aire está compuesto por un 21% de nitrógeno, un 78% de oxígeno y un 0.93% de argón",,"El aire está compuesto por un 78% de nitrógeno, un 21% de oxígeno y un 0.93% de argón",,"El aire está compuesto por un 50% de nitrógeno, un 50% de oxígeno y un 0.93% de argón",,"El aire está compuesto por un 30% de nitrógeno, un 60% de oxígeno y un 0.93% de argón",,Respuesta_b,
ECOEMS 2026,Química,Química,42,"¿Qué es un ión?",,,,"Un átomo o molécula que ha ganado o perdido electrones y tiene una carga eléctrica",,"Un átomo o molécula que ha ganado o perdido protones y tiene una carga eléctrica",,"Un átomo o molécula que ha ganado o perdido neutrones y tiene una carga eléctrica",,"Un átomo o molécula que ha ganado o perdido electrones y no tiene una carga eléctrica",,Respuesta_a,
ECOEMS 2026,Química,Química,43,"¿Qué son los electrones de valencia?",,,,"Los electrones que se encuentran en el núcleo del átomo",,"Los electrones que se encuentran en el nivel principal de energía más alto del átomo y son responsables de la interacción entre átomos",,"Los protones que se encuentran en el núcleo del átomo",,"Los neutrones que se encuentran en el núcleo del átomo",,Respuesta_b,
ECOEMS 2026,Química,Química,44,"¿Qué es un mol?",,,,"Una unidad de medida de la cantidad de sustancia que contiene determinado número de entidades elementales (átomos, moléculas, etc.) equivalente a la cantidad de átomos que hay en 12 gramos del isótopo carbono-12",,"Una unidad de medida de la cantidad de energía",,"Una unidad de medida de la cantidad de calor",,"Una unidad de medida de la cantidad de luz",,Respuesta_a,
ECOEMS 2026,Química,Química,45,"¿Cuál es la fórmula química del dicromato de potasio?",ecoems_química_química_radicales_parrafo.png,,,/f KCrO_4 f/,,/f K_2Cr_2O_7 f/,,/f K_2CrO_4 f/,,/f Cr_2O_3 f/,,Respuesta_b,
ECOEMS 2026,Química,Química,46,"¿Cuál es la fórmula química del permanganato de sodio?",ecoems_química_química_radicales_parrafo.png,,,/f NaMnO_4 f/,,/f Na_2MnO_4 f/,,/f NaMnO_3 f/,,/f MnO_2 f/,,Respuesta_a,
ECOEMS 2026,Química,Química,47,"¿Cuál es la fórmula química del fosfato de litio?",ecoems_química_química_radicales_parrafo.png,,,/f Li_3PO_4 f/,,/f Li_2PO_4 f/,,/f LiH_2PO_4 f/,,/f LiPO_4 f/,,Respuesta_a,
ECOEMS 2026,Química,Química,48,"¿Cuál es la fórmula química del nitrato de plata?",ecoems_química_química_radicales_parrafo.png,,,/f AgNO_3 f/,,/f Ag_2NO_3 f/,,/f AgNO_2 f/,,/f Ag_2NO_2 f/,,Respuesta_a,
ECOEMS 2026,Química,Química,49,"¿Cuál es la fórmula química del carbonato de magnesio?",ecoems_química_química_radicales_parrafo.png,,,/f MgCO_3 f/,,/f Mg_2CO_3 f/,,/f MgHCO_3 f/,,/f Mg(CO_3)_2 f/,,Respuesta_a,
ECOEMS 2026,Química,Química,50,"¿Cuál es la masa atómica del dicromato de potasio?",ecoems_química_química_tabla_parrafo.png,,,"294 g/mol",,"284 g/mol",,"274 g/mol",,"264 g/mol",,Respuesta_a,
ECOEMS 2026,Química,Química,51,"¿Cuál es la masa atómica del dicromato de sodio?",ecoems_química_química_tabla_parrafo.png,,,"262 g/mol",,"152 g/mol",,"42 g/mol",,"132 g/mol",,Respuesta_a,
ECOEMS 2026,Química,Química,52,"¿Cuál es la masa atómica del fosfato de litio?",ecoems_química_química_tabla_parrafo.png,,,"126 g/mol",,"116 g/mol",,"106 g/mol",,"96 g/mol",,Respuesta_b,
ECOEMS 2026,Química,Química,53,"¿Cuál es la masa atómica del nitrato de plata?",ecoems_química_química_tabla_parrafo.png,,,"290 g/mol",,"200 g/mol",,"199 g/mol",,"170 g/mol",,Respuesta_d,
ECOEMS 2026,Química,Química,54,"¿Cuál es la masa atómica del carbonato de magnesio?",ecoems_química_química_tabla_parrafo.png,,,"111 g/mol",,"108 g/mol",,"90 g/mol",,"84 g/mol",,Respuesta_d,
ECOEMS 2026,Química,Química,55,"¿Cuál es la composición porcentual del dicromato de potasio?",ecoems_química_química_tabla_parrafo.png,,,"26.68% de potasio, 35.35% de cromo y 37.97% de oxígeno",,"30.68% de potasio, 40.35% de cromo y 29.97% de oxígeno",,"26.35% de potasio, 35.13% de cromo y 37.87% de oxígeno",,"25.68% de potasio, 30.35% de cromo y 44.97% de oxígeno",,Respuesta_c,
ECOEMS 2026,Química,Química,56,"¿Cuál es la composición porcentual del permanganato de sodio?",ecoems_química_química_tabla_parrafo.png,,,"10.35% de sodio, 20.46% de manganeso y 69.19% de oxígeno",,"22.99% de sodio, 54.94% de manganeso y 16.00% de oxígeno",,"45.08% de sodio, 16.20% de manganeso y 38.72% de oxígeno",,"16.20% de sodio, 38.72% de manganeso y 45.08% de oxígeno",,Respuesta_d,
ECOEMS 2026,Química,Química,57,"¿Cuál es la composición porcentual del fosfato de litio?",ecoems_química_química_tabla_parrafo.png,,,"18.10% de litio, 26.72% de fósforo y 55.17% de oxígeno",,"48.10% de litio, 31.90% de fósforo y 20.00% de oxígeno",,"31.90% de litio, 48.10% de fósforo y 20.00% de oxígeno",,"48.10% de litio, 20.00% de fósforo y 31.90% de oxígeno",,Respuesta_a,
ECOEMS 2026,Química,Química,58,"¿Cuál es la composición porcentual del nitrato de plata?",ecoems_química_química_tabla_parrafo.png,,,"36.72% de plata, 25.69% de nitrógeno y 37.59% de oxígeno",,"63.52% de plata, 8.23% de nitrógeno y 28.23% de oxígeno",,"37.59% de plata, 36.72% de nitrógeno y 25.69% de oxígeno",,"36.72% de plata, 37.59% de nitrógeno y 25.69% de oxígeno",,Respuesta_b,
ECOEMS 2026,Química,Química,59,"¿Cuál es la composición porcentual del carbonato de magnesio?",ecoems_química_química_tabla_parrafo.png,,,"54.94% de magnesio, 12.00% de carbono y 43.06% de oxígeno",,"12.00% de magnesio, 54.94% de carbono y 43.06% de oxígeno",,"43.06% de magnesio, 12.00% de carbono y 54.94% de oxígeno",,"28.57% de magnesio, 14.28% de carbono y 57.14% de oxígeno",,Respuesta_d,
ECOEMS 2026,Química,Química,60,"¿Cuál es la configuración electrónica del elemento oxígeno?",ecoems_química_química_tabla_parrafo.png,,,/f 6s^2 4f^7 f/,,/f 6s^2 4f^9 f/,,/f 1s^2 2s^2 2p^4 f/,,/f 5s^2 4d^{10} 5p^6 6s^2 4f^9 f/,,Respuesta_c,
ECOEMS 2026,Química,Química,61,"¿Cuál es la configuración electrónica del elemento potasio?",ecoems_química_química_tabla_parrafo.png,,,/f 6s^2 4f^{14} 5d^{10} f/,,/f 1s^2 2s^2 2p^6 3s^2 3p^6 4s^1 f/,,/f 6s^2 4f^{14} 5d^{10} 6p^2 f/,,/f 6s^2 4f^{14} 5d^9 f/,,Respuesta_b,
ECOEMS 2026,Química,Química,62,"¿Cuál es la configuración electrónica del elemento hidrógeno?",ecoems_química_química_tabla_parrafo.png,,,/f 5s^2 4d^8 f/,,/f 5s^2 d^9 f/,,/f 5s^1 4d^{10} f/,,/f 1s^1 f/,,Respuesta_d,
ECOEMS 2026,Química,Química,63,"¿Cómo se reparten los electrones en los orbitales de átomo de calcio?",ecoems_química_química_tabla_parrafo.png,,,"2, 8, 8, 2",,"2, 2, 8, 8",,"8, 1, 2, 3",,"4, 5, 3, 1",,Respuesta_a,
ECOEMS 2026,Química,Química,64,"¿Cómo se reparten los electrones en los orbitales de átomo de oro?",ecoems_química_química_tabla_parrafo.png,,,"12, 2, 4, 5, 10, 11",,"12, 1, 2, 3, 5, 8",,"2, 8, 18, 32, 18, 1",,"3, 2, 5, 4, 17 ",,Respuesta_c,
ECOEMS 2026,Química,Química,65,"¿Cómo se reparten los electrones en los orbitales de átomo de cloro?",ecoems_química_química_tabla_parrafo.png,,,"1, 2, 1",,"12, 7, 0",,"3, 1, 3",,"2, 8, 7",,Respuesta_d,
ECOEMS 2026,Química,Química,66,"¿Cuántos protones, electrones y neutrones tiene el antimonio?",ecoems_química_química_tabla_parrafo.png,,,"51 protones, 51 electrones, 71 neutrones",,"51 protones, 51 electrones, 72 neutrones",,"51 protones, 51 electrones, 73 neutrones",,"51 protones, 51 electrones, 74 neutrones",,Respuesta_a,
ECOEMS 2026,Química,Química,67,"¿Cuántos protones, electrones y neutrones tiene el oberón?",ecoems_química_química_tabla_parrafo.png,,,"118 protones, 118 electrones, 172 neutrones",,"118 protones, 118 electrones, 171 neutrones",,"118 protones, 118 electrones, 170 neutrones",,"118 protones, 118 electrones, 169 neutrones",,Respuesta_c,
ECOEMS 2026,Química,Química,68,"¿Cuántos protones, electrones y neutrones tiene el plomo?",ecoems_química_química_tabla_parrafo.png,,,"82 protones, 82 electrones, 125 neutrones",,"82 protones, 82 electrones, 126 neutrones",,"82 protones, 82 electrones, 127 neutrones",,"82 protones, 82 electrones, 128 neutrones",,Respuesta_a,
ECOEMS 2026,Química,Química,69,"¿Cuántos protones, electrones y neutrones tiene el oro?",ecoems_química_química_tabla_parrafo.png,,,"79 protones, 79 electrones, 118 neutrones",,"79 protones, 79 electrones, 119 neutrones",,"79 protones, 79 electrones, 120 neutrones",,"79 protones, 79 electrones, 121 neutrones",,Respuesta_a,
ECOEMS 2026,Química,Química,70,"¿Cuántos protones, electrones y neutrones tiene el cesio?",ecoems_química_química_tabla_parrafo.png,,,"55 protones, 55 electrones, 98 neutrones",,"55 protones, 55 electrones, 99 neutrones",,"55 protones, 55 electrones, 100 neutrones",,"55 protones, 55 electrones, 101 neutrones",,Respuesta_a,
ECOEMS 2026,Química,Química,71,"¿Cuántos protones, electrones y neutrones tiene el hidrógeno?",ecoems_química_química_tabla_parrafo.png,,,"1 protón, 1 electrón, 0 neutrones",,"1 protón, 1 electrón, 1 neutrón",,"1 protón, 1 electrón, 2 neutrones",,"1 protón, 2 electrones, 0 neutrones",,Respuesta_a,
ECOEMS 2026,Química,Química,72,"¿Cuál es el nombre del siguiente compuesto: /f Ca(ClO_3)_2 f/?",,,,"Cloruro de calcio",,"Clorato de calcio",,"Perclorato de calcio",,"Clorito de calcio",,Respuesta_b,
ECOEMS 2026,Química,Química,73,"¿Cuál es el nombre del siguiente compuesto: /f KMnO_4 f/?",,,,"Permanganato de potasio",,"Monopotasio tetrapermanganato",,"Monopotasio tetraoxometalato(VII)",,"Monopotasio tetraoxomanganato",,Respuesta_a,
ECOEMS 2026,Química,Química,74,"¿Cuál es el nombre del siguiente compuesto: /f Mg_3(PO_4)_2 f/?",,,,"Fosfato de magnesio",,"Difosfato de magnesio",,"Magnesio fosfato",,"Fosfato magnésico",,Respuesta_a,
ECOEMS 2026,Química,Química,75,"¿Cuál es el nombre del siguiente compuesto: /f Li_2CO_3 f/?",,,,"Carbonato de litio",,"Bicarbonato de litio",,"Litio carbonato",,"Carbonato dihidrogenado de litio",,Respuesta_a,
ECOEMS 2026,Química,Química,76,"¿Cuál es el nombre del siguiente compuesto: /f (NH_4)_3AsO_3 f/?",,,,"Sulfato de amonio",,"Sulfuro de amonio",,"Arseniato de amonio",,"Amonio sulfuroso",,Respuesta_c,
ECOEMS 2026,Química,Química,77,"¿Cuál es el nombre del siguiente compuesto: /f NaCl f/?",,,,"Cloruro de sodio",,"Clorato de sodio",,"Perclorato de sodio",,"Sal",,Respuesta_a,
ECOEMS 2026,Química,Química,78,"¿Cuál es el nombre del siguiente compuesto: /f Be(HCO_3)_2 f/?",,,,"Carbonato ácido de berilio",,"Carbonato de berilio",,"Bicarbonato de berilio",,"Berilio bicarbonato",,Respuesta_a,
ECOEMS 2026,Química,Química,79,"¿Cuál es el nombre del siguiente compuesto: /f AgNO_2 f/?",,,,"Nitrato de plata",,"Nitrito de plata",,"Plata nitrosa",,"Plata nitrita",,Respuesta_b,
ECOEMS 2026,Química,Química,80,"¿Cuál es el nombre del siguiente compuesto: /f Al(HS)_3 f/?",,,,"Hidrosulfuro de aluminio",,"Sulfuro de aluminio",,"Hidróxido de aluminio",,"Bisulfito de Aluminio",,Respuesta_d,
ECOEMS 2026,Química,Química,81,"¿Cuál es el nombre del siguiente compuesto: /f Mg(OH)_2 f/?",,,,"Hidróxido de magnesio",,"Oxihidróxido de magnesio",,"Magnesio hidróxido",,"Hidroximagnesio",,Respuesta_a,
ECOEMS 2026,Química,Química,82,"¿Cuál es el nombre del siguiente compuesto: /f As_2(SO_4)_5 f/?",,,,"Sulfato de arsénico (V)",,"Dihexaosulfato de arsénico",,"Arsénico sulfato pentaóxido",,"Arsénico sulfato pentahidratado",,Respuesta_a,
ECOEMS 2026,Química,Química,83,"¿Cuál es el nombre del siguiente compuesto: /f H_2O f/?",,,,"Óxido de hidrógeno",,"Hidróxido de hidrógeno",,"Agua",,"Monóxido de dihidrógeno",,Respuesta_a,
ECOEMS 2026,Química,Química,84,"¿Cuál es el nombre del siguiente compuesto: /f Mn_2(CrO_4)_3 f/?",,,,"Cromato de manganeso (III)",,"Dicromato de manganeso",,"Trioxidocromato de manganeso",,"Manganeso cromato",,Respuesta_a,
ECOEMS 2026,Química,Química,85,"¿Cuál es el nombre del siguiente compuesto: /f Fe(OH)_3 f/?",,,,"Hidróxido de hierro (II)",,"Óxido de hierro (III)",,"Hidróxido de hierro (III)",,"Óxido de hierro (II)",,Respuesta_b,
ECOEMS 2026,Química,Química,86,"¿Cuál es el nombre del siguiente compuesto: /f Sr(BrO_3)_2 f/?",,,,"Bromato de estroncio",,"Perbromato de estroncio",,"Estroncio bromito",,"Estroncio bromato",,Respuesta_a,
ECOEMS 2026,Química,Química,87,"¿Cuál es el nombre del siguiente compuesto: /f MgO f/?",,,,"Óxido de magnesio",,"Peróxido de magnesio",,"Hidróxido de magnesio",,"Magnesio óxido",,Respuesta_a,
ECOEMS 2026,Química,Química,88,"¿Cuál es el nombre del siguiente compuesto: /f FrCl f/?",,,,"Cloruro de francio",,"Cloruro de ferroso",,"Cloruro de ferro",,"Francio clorito",,Respuesta_a,
ECOEMS 2026,Química,Química,89,"¿Cuál es el nombre del siguiente compuesto: /f CuSO_4 f/?",,,,"Sulfato de cobre (II)",,"Sulfuro de cobre (IV)",,"Sulfato de cobre (IV)",,"Sulfuroso de cobre",,Respuesta_a,
ECOEMS 2026,Química,Química,90,"¿Cuál es el nombre del siguiente compuesto: /f Ra_3(AlO_3)_2 f/?",,,,"Trióxido de aluminio radiactivo",,"Radium aluminato",,"Aluminato de radio",,"Radio trioxialuminato",,Respuesta_c,
ECOEMS 2026,Química,Química,91,"¿Cuál es el nombre del siguiente compuesto: /f C_6H_{12}O_6 f/?",,,,"Glucosa",,"Fructosa",,"Sacarosa",,"Lactosa",,Respuesta_a,
ECOEMS 2026,Química,Química,92,"¿Cuántos gramos hay en 8 moles de fosfato de amonio?",,,,"264.28 g",,"316.56 g",,"528.56 g",,"1064.00 g",,Respuesta_d,
ECOEMS 2026,Química,Química,93,"¿Cuántos moles hay en 256 gramos de glucosa?",,,,"2.25 moles",,"1.42 moles",,"0.25 moles",,"89.2 moles",,Respuesta_b,
ECOEMS 2026,Química,Química,94,"¿Cuál es el símbolo químico del elemento oro?",,,,"Ag",,"Au",,"Fe",,"Pt",,Respuesta_b,
ECOEMS 2026,Química,Química,95,"¿Cuál es el número atómico del elemento carbono?",,,,"6",,"8",,"14",,"16",,Respuesta_a,
ECOEMS 2026,Química,Química,96,"¿Cuál es el elemento más ligero de la tabla periódica?",,,,"Hidrógeno",,"Helio",,"Litio",,"Berilio",,Respuesta_a,
ECOEMS 2026,Química,Química,97,"¿Cuál es el elemento más abundante en la corteza terrestre?",,,,"Silicio",,"Oxígeno",,"Hierro",,"Aluminio",,Respuesta_a,
ECOEMS 2026,Química,Química,98,"¿Cuál es el elemento químico con el mayor punto de ebullición?",,,,"Mercurio",,"Plomo",,"Hierro",,"Wolframio",,Respuesta_c,
ECOEMS 2026,Química,Química,99,"¿Cuál es el símbolo químico del gas más ligero?",,,,"H",,"He",,"Li",,"Ne",,Respuesta_a,
ECOEMS 2026,Química,Química,100,"¿Cuál es el número atómico del elemento que se compone la sal de mesa?",,,,"11",,"13",,"16",,"19",,Respuesta_a,
ECOEMS 2026,Química,Química,101,"¿Cuál es el elemento químico utilizado en la fabricación de baterías?",,,,"Litio",,"Plomo",,"Cobre",,"Níquel",,Respuesta_a,
ECOEMS 2026,Química,Química,102,"¿Cuál es el elemento químico presente en la estructura del diamante?",,,,"Carbono",,"Oxígeno",,"Silicio",,"Calcio",,Respuesta_a,
ECOEMS 2026,Química,Química,103,"¿Cuál es el símbolo químico del elemento metálico más utilizado en la industria?",,,,"Fe",,"H",,"He",,"F",,Respuesta_a,
ECOEMS 2026,Química,Química,104,"¿Cuál es el número atómico del elemento presente en el plátano?",,,,"12",,"15",,"19",,"22",,Respuesta_c,
ECOEMS 2026,Química,Química,105,"¿Cuál es el elemento químico utilizado para fabricar ventanas de vidrio resistente al calor?",,,,"Silicio",,"Aluminio",,"Boro",,"Titanio",,Respuesta_a,
ECOEMS 2026,Química,Química,106,"¿Cuál es el elemento químico metálico en partículas contaminantes en el medio ambiente?",,,,"Plomo",,"Litio",,"Platino",,"Polonio",,Respuesta_a,
ECOEMS 2026,Química,Química,107,"¿Cuál es el número atómico del gas más abundante en la atmósfera terrestre?",,,,"6",,"8",,"12",,"7",,Respuesta_d,
ECOEMS 2026,Química,Química,108,"¿Cuál es el elemento químico utilizado en los paneles solares?",,,,"Silicio",,"Aluminio",,"Cobre",,"Plata",,Respuesta_a,
ECOEMS 2026,Química,Química,109,"¿Cuál es el símbolo químico del único metal líquido a temperatura ambiente?",,,,"K",,"Na",,"P",,"Hg",,Respuesta_d,
ECOEMS 2026,Química,Química,110,"¿Cuál es el símbolo químico del único metaloide líquido?",,,,"B",,"Br",,"Be",,"Ba",,Respuesta_b,
ECOEMS 2026,Química,Química,111,"¿Cuál es el número atómico del gas indispensable para la respiración de los seres vivos?",,,,"7",,"8",,"14",,"16",,Respuesta_b,
ECOEMS 2026,Química,Química,112,"¿Cuál es el elemento químico utilizado en los cables de las instalaciones eléctricas?",,,,"Sodio",,"Litio",,"Potasio",,"Cobre",,Respuesta_d,
ECOEMS 2026,Química,Química,113,"¿Cuál es el símbolo químico del metal más producido en México?",,,,"Ag",,"Au",,"Pt",,"Cu",,Respuesta_a,
ECOEMS 2026,Química,Química,114,"¿Cuál es el número atómico del elemento más abundante en los huesos?",,,,"11",,"15",,"19",,"20",,Respuesta_d,
ECOEMS 2026,Química,Química,115,"¿Cuál es el elemento químico presente en las luces fosforecentes?",,,,"Sodio",,"Cloro",,"Neón",,"Calcio",,Respuesta_c,
ECOEMS 2026,Química,Química,116,"¿Cuál es el símbolo químico del gas que se utiliza para inflar globos que flotan?",,,,"O",,"H",,"He",,"C",,Respuesta_c,
ECOEMS 2026,Química,Química,117,"¿Cuál es el número atómico del metal más maleable?",,,,"11",,"13",,"19",,"22",,Respuesta_b,
ECOEMS 2026,Química,Química,118,"¿Cuál es el símbolo químico del elemento presente en los rábanos?",,,,"I",,"Y",,"Io",,"In",,Respuesta_a,
ECOEMS 2026,Química,Química,119,"¿Cuál es el número atómico del elemento que se utiliza en el blanqueamiento de los dientes?",,,,"7",,"9",,"11",,"19",,Respuesta_b,
ECOEMS 2026,Química,Química,120,"¿Cuál es el elemento químico utilizado en la fabricación de explosivos y fertilizantes?",,,,"Nitrógeno",,"Oxígeno",,"Carbono",,"Fósforo",,Respuesta_d,
ECOEMS 2026,Química,Química,121,"Menciona los elementos biogenésicos para la vida",,,,"Carbono, Hidrógeno, Oxígeno, Nitrógeno, Azufre, Potasio",,"Carbono, Hidrógeno, Oxígeno, Nitrógeno, Azufre, Fósforo",,"Carbono, Helio, Oxígeno, Nitrógeno, Azufre, Fósforo",,"Cloro, Hidrógeno, Oxígeno, Nitrógeno, Azufre, Fósforo",,Respuesta_b,
ECOEMS 2026,Química,Química,122,"Menciona el elemento más usado en prótesis de la industria médica",,,,"Ti",,"V",,"Cr",,"Mn",,Respuesta_a,
ECOEMS 2026,Química,Química,123,"¿Cómo se llama la reacción química dónde se combina un ácido con una base?",,,,"Síntesis",,"Descomposición",,"Sustitución Simple",,"Neutralización",,Respuesta_d,
ECOEMS 2026,Química,Química,124,"¿Cuál es el número atómico del elemento utilizado para hacer anuncios bioluminiscentes?",,,,"14",,"26",,"18",,"10",,Respuesta_c,
ECOEMS 2026,Química,Química,125,"Elemento químico presente en los desechos de los seres vivos",,,,"N",,"Cl",,"Ca",,"K",,Respuesta_a,
ECOEMS 2026,Química,Química,126,"¿Cuál es el símbolo químico del elemento más radiactivo?",,,,"Ag",,"Au",,"Pt",,"U",,Respuesta_d,
ECOEMS 2026,Química,Química,127,"¿A cuántos grados Celsius de temperatura hierve el agua a nivel del mar?",,,,"200°C",,"150°C",,"100°C",,"50°C",,Respuesta_c,
ECOEMS 2026,Química,Química,128,"¿Cómo se llaman los compuestos que estudia la química orgánica?",,,,"Proteínas",,"Glúcidos",,"Hidrocarburos",,"Carbohidratos",,Respuesta_c,
ECOEMS 2026,Habilidad Matemática,Habilidad Matemática,1,"¿Cuántos cuadrados /usin que se traslapenu/ se pueden formar con la siguiente forma?",ecoems_habilidad_matematica_pregunta_1_parrafo.png,,,"16",,"17",,"20",,"21",,Respuesta_d,
ECOEMS 2026,Habilidad Matemática,Habilidad Matemática,2,"¿Cuántos cubos tendrá la figura 17?",ecoems_habilidad_matematica_pregunta_2_parrafo.png,,,"105",,"120",,"136",,"153",,Respuesta_c,
ECOEMS 2026,Habilidad Matemática,Habilidad Matemática,3,"Si la siguiente figura es la forma #1 /n/n¿Cuántos triángulos tendrá la figura #11?",ecoems_habilidad_matematica_pregunta_3_parrafo.png,,,"33",,"13",,"69",,"15",,Respuesta_a,
ECOEMS 2026,Habilidad Matemática,Habilidad Matemática,4,"Selecciona la vista que se tiene desde la ubicación en donde se encuentra la flecha",ecoems_habilidad_matematica_pregunta_4_parrafo.png,,,,ecoems_habilidad_matematica_pregunta_4_respuesta_a.png,,ecoems_habilidad_matematica_pregunta_4_respuesta_b.png,,ecoems_habilidad_matematica_pregunta_4_respuesta_c.png,,ecoems_habilidad_matematica_pregunta_4_respuesta_d.png,Respuesta_a,
ECOEMS 2026,Habilidad Matemática,Habilidad Matemática,5,"¿Cuál es la figura que continúa la siguiente serie?",ecoems_habilidad_matematica_pregunta_5_parrafo.png,,,,ecoems_habilidad_matematica_pregunta_5_respuesta_a.png,,ecoems_habilidad_matematica_pregunta_5_respuesta_b.png,,ecoems_habilidad_matematica_pregunta_5_respuesta_c.png,,ecoems_habilidad_matematica_pregunta_5_respuesta_d.png,Respuesta_b,
ECOEMS 2026,Habilidad Matemática,Habilidad Matemática,6,"¿Cuál de las siguientes fracciones no pertenecen a la sucesión numérica? /n/n/f \frac{2}{5}, \frac{6}{15}, \frac{18}{45}, \frac{52}{135}, \frac{162}{405} f/",,,,"/f \frac{162}{405} f/",,"/f \frac{6}{15} f/",,"/f \frac{52}{135} f/",,"/f \frac{18}{45} f/",,Respuesta_c,
ECOEMS 2026,Habilidad Matemática,Habilidad Matemática,7,"Selecciona la opción que contenga el término que sigue en la sucesión presentada: /n/n -34, -33, -23, -22, -12 ...",,,,"-10",,"-8",,"-11",,"-2",,Respuesta_c,
ECOEMS 2026,Habilidad Matemática,Habilidad Matemática,8,"Completa la siguiente sucesión numérica: /n/n 84, ___ , ___ , 69, 64, 59, ___",,,,"89, 47, 54",,"75, 71, 57",,"79, 74, 54",,"81, 71, 53",,Respuesta_c,
ECOEMS 2026,Habilidad Matemática,Habilidad Matemática,9,"Una pirámide cuadrangular es formada por:",,,,"4 triángulos y 1 cuadrado",,"3 cuadrados y 1 triángulo",,"2 triángulos y 3 cuadrados",,"6 cuadrados",,Respuesta_a,
ECOEMS 2026,Habilidad Matemática,Habilidad Matemática,10,"La palabra /b""/uconou/""b/ se representa con el siguiente código: /b/i3161416i/b/ /n/n¿Con qué código se representa la palabra /b""/ucaloru/""b/",,,,"3112416",,"31121619",,"351241",,"316121619",,Respuesta_b,
ECOEMS 2026,Habilidad Matemática,Habilidad Matemática,11,"La siguiente figura está integrada por ___ triángulos.",ecoems_habilidad_matematica_pregunta_11_parrafo.png,,,"4",,"5",,"10",,"6",,Respuesta_b,
ECOEMS 2026,Habilidad Matemática,Habilidad Matemática,12,"Selecciona la figura que da continuidad a la serie:",ecoems_habilidad_matematica_pregunta_12_parrafo.png,,,,ecoems_habilidad_matematica_pregunta_12_respuesta_a.png,,ecoems_habilidad_matematica_pregunta_12_respuesta_b.png,,ecoems_habilidad_matematica_pregunta_12_respuesta_c.png,,ecoems_habilidad_matematica_pregunta_12_respuesta_d.png,Respuesta_a,
ECOEMS 2026,Habilidad Matemática,Habilidad Matemática,13,"Considerando que el valor de pi es 3.14, determina el área que abarca la parte sombreada de la siguiente imagen:",ecoems_habilidad_matematica_pregunta_13_parrafo.png,,,"/f 94.98 cm^2 f/",,"/f 121 cm^2 f/",,"/f 26.02 cm^2 f/",,"/f 86.46 cm^2 f/",,Respuesta_c,
ECOEMS 2026,Habilidad Matemática,Habilidad Matemática,14,"¿Cuál es el número que falta en el último triángulo?",ecoems_habilidad_matematica_pregunta_14_parrafo.png,,,"16",,"24",,"36",,"8",,Respuesta_b,
ECOEMS 2026,Habilidad Matemática,Habilidad Matemática,15,"Observa el siguiente cubo: /n/n¿Con cuál de los siguientes desarrollos es posible construirlo?",ecoems_habilidad_matematica_pregunta_15_parrafo.png,,,,ecoems_habilidad_matematica_pregunta_15_respuesta_a.png,,ecoems_habilidad_matematica_pregunta_15_respuesta_b.png,,ecoems_habilidad_matematica_pregunta_15_respuesta_c.png,,ecoems_habilidad_matematica_pregunta_15_respuesta_d.png,Respuesta_a,
ECOEMS 2026,Habilidad Matemática,Habilidad Matemática,16,"Si la palabra /b""/ugemau/""b/ se representa como /btvñzb/ y /b""/utreparu/""b/ es /bgivkzib/. /n/n¿Cómo se representa la palabra /b""/upagaru/""b/?",,,,"kvtzi",,"ktzti",,"kzizi",,"kztzi",,Respuesta_d,
ECOEMS 2026,Habilidad Matemática,Habilidad Matemática,17,"La siguiente serie consta de tres elementos y hay uno que no corresponde, ¿cuál es? /n/n1A, 2C, 5E, 9I",,,,"5E",,"2C",,"1A",,"9I",,Respuesta_b,
ECOEMS 2026,Habilidad Matemática,Habilidad Matemática,18,"Menciona que figura geométrica es la base de una caja de regalos cuyos ángulos exteriores son de 108º.",,,,"Pentágono",,"Hexágono",,"Octágono",,"Dodecaedro",,Respuesta_a,
ECOEMS 2026,Habilidad Matemática,Habilidad Matemática,19,"¿Cuántos lados tiene un contenedor al que se le pueden trazar 20 diagonales internas?",,,,"5",,"3",,"8",,"6",,Respuesta_c,
ECOEMS 2026,Habilidad Matemática,Habilidad Matemática,20,"Completa la letra del espacio faltante: /n/nS, P, N, ___ ,H",,,,"Ñ",,"K",,"L",,"M",,Respuesta_b,
ECOEMS 2026,Habilidad Verbal,Habilidad Verbal,1,"Selecciona la opción que sustituya con un /bANTÓNIMOb/ la palabra en /umayúsculasu/. /n/nSiempre hacía gala de su /b/uVALORu/b/ como escritor.",,,,"insignificancia",,"desprecio",,"osadía",,"valía",,Respuesta_a,
ECOEMS 2026,Habilidad Verbal,Habilidad Verbal,2,"Identifique la expresión que sea opuesta a la frase subrayada en el texto. /n/n/bCiencia versus religiónb/ /n/nPuede que /ihomo sapiensi/ sea la especie más sesuda de todas, pero representamos solo una /upequeña ramitau/, que surgió apenas ayer, de una única rama del arbusto de la vida, completamente arborescente. Este arbusto no presenta ninguna dirección preferente de crecimiento, mientras que nuestra rama de los vertebrados, relativamente pequeña, no es más que una entre muchas. /n/n/iStephen Jay Gouldi/",,,,"Vertiente numerosa",,"Variante mínima",,"Absorbecencia infinita",,"Determinante medular",,Respuesta_d,
ECOEMS 2026,Habilidad Verbal,Habilidad Verbal,3,"/bAHÍTOb/ es a /bHAMBRIENTOb/ como /bCANSADOb/ es a ...",,,,"DISTANTE",,"EXHAUSTO",,"CONSTRUIDO",,"FORTALECIDO",,Respuesta_d,
ECOEMS 2026,Habilidad Verbal,Habilidad Verbal,4,"Relacione los ejemplos de acuerdo al grupo que corresponda. /n/n/bGrupob/ /n/n1. Artes /n2. Ciencias /n/n/bEjemplob/ /n/na) Física /nb) Actuaría /nc) Arquitectura /nd) Escultura",,,,"1ab, 2cd",,"1ad, 2bc",,"1bc, 2ad",,"1cd, 2ab",,Respuesta_d,
ECOEMS 2026,Habilidad Verbal,Habilidad Verbal,5,"Identifica las palabras que establecen una relación de parte y todo.",,,,"Aleta - Pez",,"Felino - Gato",,"Avispa - Abeja",,"Ave - Gorrión",,Respuesta_a,
ECOEMS 2026,Habilidad Verbal,Habilidad Verbal,6,"Selecciona la opción que sustituya con un /bANTÓNIMOb/ la palabra en /umayúsculasu/. /n/nProgramas de /b/uFOMENTOu/b/ y protección ambiental.",,,,"estímulo",,"empuje",,"detención",,"moderación",,Respuesta_c,
ECOEMS 2026,Habilidad Verbal,Habilidad Verbal,7,"Complete el cuadro sinóptico según la lectura.",ecoems_habilidad_verbal_pregunta_7_parrafo.png,,,"Jean Liebault - Hierba nicotina - Consumo disparado",,"Juan Nicot - Pena de muerte - Impuesto al tabaco",,"Fray Bartolomé - Daño en su consumo - Máquina letal",,"Cristóbal Colón - Se introduce en Europa - Vida más corta",,Respuesta_b,
ECOEMS 2026,Habilidad Verbal,Habilidad Verbal,8,"/bCANCIÓNb/ es a /bNOTAb/ como /bPOEMAb/ es a ...",,,,"ENUNCIADO",,"POESÍA",,"LETRA",,"LITERATURA",,Respuesta_c,
ECOEMS 2026,Habilidad Verbal,Habilidad Verbal,9,"Identifica la relación entre las palabras que se establece en el texto. /n/n/bSonetob/ /n/n Desmayarse, atreverse, estar furiono, /náspero, tierno, liberal, esquivo, /nalentado, mortal, difunto, vivo, /nleal, traidor, cobarde y animoso [...] /n/n/iFélix Lope de Vegai/",,,,"Causa",,"Oposición",,"Consecuencia",,"Semejanza",,Respuesta_b,
ECOEMS 2026,Habilidad Verbal,Habilidad Verbal,10,"Selecciona la opción cuyo significado es similar al de la palabra en /bnegritasb/ /n/nDesconocido por muchos, apenas nombrado por referencias, su figura tiene casi connotaciones /bmísticasb/. ",,,,"Prosaicas",,"Espirituales",,"Célebres",,"Intolerantes",,Respuesta_b,
ECOEMS 2026,Habilidad Verbal,Habilidad Verbal,11,"Ordene la secuencia de acontesimientos",,"1. Todos los seres vivos, en términos biológicos y bioquímicos, tenemos ciertas necesidades fundamentales, como son la obtención de alimentos y la reproducción. El nitrógeno es un elemento químico indispensable para cubrir estas necesidades. /n2. Recientemente, el doctor Jesús Caballero-Mellado, investigador del Centro de Investigación sobre Fijación de Nitrógeno de la UNAM, proporcionó el material biológico, así como la asesoría para la fabricación de un biofertilizante dirigido a los cultivos de maíz, trigo, sorgo y cebada. /n3.En términos generales, los seres humanos obtenemos nitrógeno a través del consumo de carne, huevo, leche y sus derivados, así como de algunos productos vegetales ricos en proteínas como las leguminosas y en menor cantidad de cereales como el maíz y el trigo. /n4. Del total del fertilizante aplicado en los cultivos sólo se aprovecha del 50 al 60 por ciento y una parte importante de éste pasa a los mantos acuíferos, con la consecuente contaminación de ríos, lagos y aguas subterráneas. /n5. A raíz de la llamada revolución verde, iniciada en los años sesenta, el uso de fertilizantes químicos, sobre todo los nitrogenados, ha sido el método más exitoso para aumentar la producción de estos alimentos. Sin embargo, los costos económicos y ecológicos han conducido a cuestionar su uso.",,"3, 5, 1, 4, 2",,"1, 3, 5, 4, 2",,"3, 1, 4, 2, 4",,"1, 4, 3, 2, 5",,Respuesta_b,
ECOEMS 2026,Habilidad Verbal,Habilidad Verbal,12,"Lee el fragmento y responde.",,"/bCosmosb/ /n/nEl tamaño y la edad del Cosmos superan la comprensión normal del hombre. Nuestro diminuto hogar planetario está perdido en algún punto entre la inmensidad y la eternidad. En una perspectiva cósmica la mayoría de las preocupaciones humanas parecen insignificantes, incluso frívolas. Sin embargo, nuestra especie es joven, curiosa y valiente, y promete mucho. En los últimos milenios hemos hecho descubrimientos más asombrosos e inesperados sobre el Cosmos y el lugar que ocupamos en él; seguir el hilo de estas exploraciones es realmente estimulante. Nos recuerdan que los hombres han evolucionado para admirarse de las cosas, que comprender es una alegría, que el conocimiento es requisito esencial para la supervivencia. Creo que nuestro futuro depende del grado de comprensión que tengamos del Cosmos en el cual flotamos como una mota de polvo en el cielo de la mañana. /n/n /iCarl Sagani/","¿Cuál es la idea principal del texto de Carl Sagan?","El universo es tan inmenso, que terminaria por devorarnos",,"La existencia de una especie curiosa, aunque sin futuro",,"El futuro prometedor de la especie, pese a su modestia",,"La perspectiva cósmica de las preocupaciones humanas",,Respuesta_c,
ECOEMS 2026,Habilidad Verbal,Habilidad Verbal,13,"Selecciona la opción cuyo significado es similar al de la palabra en /bnegritasb/ /n/nÚltimamente te he visto muy /btaciturnob/ en la clase de física.",,,,"Acomplejado",,"Responsable",,"Comunicativo",,"Conciliador",,Respuesta_c,
ECOEMS 2026,Habilidad Verbal,Habilidad Verbal,14,"Identifica las palabras que establecen una /urelacion de causa y efectou/.",,,,"Río - Cascada",,"Ejercicio - Cansancio",,"Aplauso - Éxito",,"Lectura - Título",,Respuesta_b,
ECOEMS 2026,Habilidad Verbal,Habilidad Verbal,15,"Selecciona la opción que sustituya con un /bSINÓNIMOb/ la palabra en /umayúsculasu/. /n/nEllos siempre tratan de /b/uMITIGARu/b/ su dolor.",,,,"moderar",,"empeorar",,"aumentar",,"subestimar",,Respuesta_a,
ECOEMS 2026,Habilidad Verbal,Habilidad Verbal,16,"Identifica la opción que presenta una oración /bMALb/ escrita.",,,,"El perro ladró toda la noche en el patio.",,"La decición fue tomada por unanimidad.",,"Siempre llega temprano a su trabajo.",,"No quiso decir la verdad ante el juez.",,Respuesta_b,
ECOEMS 2026,Habilidad Verbal,Habilidad Verbal,17,"Selecciona la oración que está /bMALb/ redactada.",,,,"Hubieron muchos problemas durante la reunión.",,"Se venden manzanas frescas en el mercado.",,"La multitud aplaudió con gran entusiasmo.",,"Hace mucho frío en esta época del año.",,Respuesta_a,
ECOEMS 2026,Habilidad Verbal,Habilidad Verbal,18,"¿Cuál de las siguientes oraciones está /bMALb/ escrita?",,,,"El examen final será el próximo martes.",,"Ella cantó una canción hermosa ayer.",,"El pajaro voló rápidamente hacia el bosque.",,"Solucionó el inconveniente sin pedir ayuda.",,Respuesta_c,
ECOEMS 2026,Habilidad Verbal,Habilidad Verbal,19,"Identifica la opción cuya oración se encuentra /bMALb/ escrita.",,,,"No iré a la fiesta por que estoy cansado.",,"Te lo diré si no le cuentas a nadie.",,"El coche nuevo no es rojo, sino azul.",,"¿Por qué no me llamaste ayer por la tarde?",,Respuesta_a,
ECOEMS 2026,Habilidad Verbal,Habilidad Verbal,20,"Selecciona la opción que contiene una oración /bMALb/ conjugada o escrita.",,,,"Juan anduvo caminando por toda la plaza.",,"El jefe satisfació todas nuestras demandas.",,"Todo el equipaje cupo en el maletero.",,"Traduje el documento al inglés sin errores.",,Respuesta_b,
ECOEMS 2026,Física,Física,1,"La dilatación es un aumento de:","","","","dimensiones.","","masa.","","tiempo.","","calor específico.","","Respuesta_a",
ECOEMS 2026,Física,Física,2,"La temperatura a la cual un sólido cambia su estado a líquido se denomina:","","","","punto de equilibrio.","","punto de ebullición.","","punto de fusión.","","punto de condensación.","","Respuesta_c",
ECOEMS 2026,Física,Física,3,"Son ejemplos de materiales aislantes:","","","","aire y agua.","","plástico, madera y vidrio.","","mercurio, hierro y bronce.","","oro y plata.","","Respuesta_b",
ECOEMS 2026,Física,Física,4,"Se dice que un cuerpo está cargado negativamente cuando:","","","","tiene exceso de electrones.","","tiene déficit de electrones.","","posee muchos neutrones.","","posee exceso de protones.","","Respuesta_a",
ECOEMS 2026,Física,Física,5,"Un motor transforma principalmente la energía eléctrica en energía:","","","","mecánica.","","luminosa.","","calorífica.","","eólica.","","Respuesta_a",
ECOEMS 2026,Física,Física,6,"Región del imán que ejerce mayor fuerza de atracción o repulsión:","","","","zona de fuerza.","","carga.","","campo eléctrico.","","polo.","","Respuesta_d",
ECOEMS 2026,Física,Física,7,"Tipos de ondas que se transportan en el vacío:","","","","mecánicas.","","electromagnéticas.","","periódicas.","","no periódicas.","","Respuesta_b",
ECOEMS 2026,Física,Física,8,"Máquina simple conformada por un cuerpo redondo que gira en torno a un eje y un soporte:","","","","palanca.","","plano.","","rueda.","","biela.","","Respuesta_c",
ECOEMS 2026,Física,Física,9,"Es todo aquello que ocupa un lugar en el espacio y tiene masa:","","","","cuerpo.","","densidad.","","materia.","","peso.","","Respuesta_c",
ECOEMS 2026,Física,Física,10,"Los mosquitos pueden caminar sobre la superficie del agua gracias a que esta tiene una película elástica debida a las moléculas que ahí se encuentran y son atraídas por todas las demás dentro del líquido. ¿A qué propiedad se refiere este fenómeno?","","","","cohesión.","","adhesión.","","capilaridad","","tensión superficial.","","Respuesta_d",
ECOEMS 2026,Física,Física,11,"Cuando una onda rodea un obstáculo, decimos que se:","","","","refractó.","","difractó.","","reflejó.","","superó.","","Respuesta_b",
ECOEMS 2026,Física,Física,12,"Rama de la Física que estudia el movimiento atendiendo las causas que lo producen:","","","","dinámica.","","cinemática.","","cuántica.","","estática.","","Respuesta_a",
ECOEMS 2026,Física,Física,13,"Una magnitud vectorial debe indicar:","","","","número y unidad.","","cantidad y magnitud.","","magnitud, unidad, dirección y sentido.","","tipo, unidad, orientación y flecha.","","Respuesta_c",
ECOEMS 2026,Física,Física,14,"Todo movimiento es provocado por:","","","","un humano.","","un móvil.","","una fuerza.","","una reacción.","","Respuesta_c",
ECOEMS 2026,Física,Física,15,"El valor de la aceleración de la gravedad en el Sistema Internacional es:","","","","/f 9.81~km/h^{2} f/","","/f 9.81~m/s^{2} f/","","/f 9.81 1~cm/min^{2} f/","","/f 9.81~km/s^{2} f/","","Respuesta_b",
ECOEMS 2026,Física,Física,16,"¿cuántos metros equivalen 15 pulgadas?","","","","0.381 m","","2.54 cm","","38.1 m","","26.2 cm","","Respuesta_a",""
ECOEMS 2026,Física,Física,17,"Un ciclista parte del reposo y alcanza los /f 5~m/s f/ después de 2 s, ¿cuál es su aceleración?","","","","/f -2.5~m/s^{2} f/","","/f 2.5~m/s^{2} f/","","/f 10~m/s^{2} f/","","/f 0.4~m/s^{2} f/","","Respuesta_b",""
ECOEMS 2026,Física,Física,18,"La masa es la cantidad de materia contenida en un cuerpo y se mide en ____ ; el peso es la fuerza con la que un cuerpo es atraído al centro de la Tierra y se mide en ____","","","","g, dinas","","kg, dinas","","N, kg","","kg, N","","Respuesta_d",""
ECOEMS 2026,Física,Física,19,"El ""cero absoluto"" es la temperatura más baja posible en la que cesa el movimiento molecular y equivale a:","","","","/f 0^{\circ}C f/","","/f 273.15^{\circ}C f/","","/f 0^{\circ}F f/","","/f  0º K f/","","Respuesta_d",""
ECOEMS 2026,Física,Física,20,"La unidad que se utiliza para medir las cargas eléctricas es:","","","","el joule.","","la caloría.","","el coulomb.","","los ohmios.","","Respuesta_c",
ECOEMS 2026,Física,Física,21,"Un cuerpo es empujado con una fuerza de 10 kg, si se produce una aceleración de /f 1~m/s^{2} f/ ¿cuál es la masa del cuerpo en cuestión?","","","","98.1 kg","","9.81 kg","","981 kg","","9,810 kg","","Respuesta_a",""
ECOEMS 2026,Física,Física,22,"Un barco va a 1,800 km/h y el capitán pide que se frene de inmediato, ¿por qué el cuerpo de todos los tripulantes tiende a irse hacia adelante?","","","","Por la fricción.","","Por la inercia.","","Por el peso.","","Por la rapidez.","","Respuesta_b",""
ECOEMS 2026,Física,Física,23,"Si un cuerpo va a la misma velocidad en todo su recorrido, ¿qué valor tiene la aceleración?","","","","Positiva.","","Negativa.","","Cero.","","Hacen falta datos.","","Respuesta_c",""
ECOEMS 2026,Física,Física,24,"A un avión se le descomponen todos los motores en pleno vuelo y empieza a caer, ¿es posible decir que está en caída libre?","","","","Sí, porque no funciona ningún motor.","","No, por la fricción del aire.","","Se necesita más datos.","","Sí, porque tiene mucho peso.","","Respuesta_b",""
ECOEMS 2026,Física,Física,25,"La cantidad de fuerza que se necesita para acelerar en /f 1~m/s^{2} f/ un cuerpo de 1 kg de masa es:","","","","1 Pascal.","","1 dina.","","1 Joule.","","1 Newton.","","Respuesta_d",""
ECOEMS 2026,Física,Física,26,"Tipo de fricción que tiene menos área de contacto con las superficies:","","","","rodamiento esférico.","","deslizamiento.","","rodamiento cilíndrico.","","presión.","","Respuesta_a",""
ECOEMS 2026,Física,Física,27,"Es un ejemplo de proporción directa:","","","","Los aciertos que se tienen en un examen con el número de horas de estudio.","","La cantidad de agua que va quedando en un vaso de agua conforme se bebe.","","El número de hojas que quedan en un cuaderno cada que se escribe más en él.","","La cantidad hojas que caen de un árbol con el número que permanecen en él.","","Respuesta_a",""
ECOEMS 2026,Física,Física,28,"Es la cantidad de calor necesaria para que 1 g de alguna sustancia aumente su temperatura en /f 1^{\circ}C f/:",,,,"Mol.",,"Caloría.",,"Punto de fusión.",,"Punto de ebullición.","","Respuesta_b",
ECOEMS 2026,Física,Física,29,"¿En qué estado de agregación la fuerza de cohesión entre las moléculas es prácticamente nula?","","","","Líquido.","","Sólido.","","Gaseoso.","","Plasma.","","Respuesta_c",
ECOEMS 2026,Física,Física,30,"La densidad del alcohol es de /f 789 kg/m^{3} f/ y la del agua es de /f 1,000 kg/m^{3} f/, eso quiere decir que:","","","","1,000 kg de alcohol ocupan menos espacio que 1,000 kg de agua.","","1,000 kg de alcohol ocupan más espacio que 1,000 kg de agua.","","1,000 kg de agua ocupan más espacio que 1,000 kg de alcohol.","","1,000 kg de alcohol ocupan el mismo espacio que 1,000 kg de agua.","","Respuesta_b",""
ECOEMS 2026,Física,Física,31,"Una taza de café se deja enfriar con el ambiente, ¿a qué fenómeno físico le debemos esto?","","","","Al equilibrio térmico.","","Al equilibrio químico.","","Al equilibrio aerostático.","","Al equilibrio eólico.","","Respuesta_a",""
ECOEMS 2026,Física,Física,32,"A una placa de aluminio de 250 g aumenta su temperatura de /f 23^{\circ}C f/ a /f 50^{\circ}C f/. ¿Cuál es la cantidad de calor que absorbió? Considera que el calor específico del aluminio es /f 0.22 cal/g^{\circ}C f/.","","","","6750 cal","","-1485 cal","","1.485 cal","","1485 cal","","Respuesta_d",""
ECOEMS 2026,Física,Física,33,"Frotamiento, inducción (o polarización) y contacto son las formas de:","","","","transferencia de calor.","","transmisión de ondas.","","conducción de la electricidad.","","electrización.","","Respuesta_d",""
ECOEMS 2026,Física,Física,34,"Cuando la corriente eléctrica pasa por filamentos de metal, estos se calientan hasta enrojecerse, ¿cómo se llama a este fenómeno?","","","","Efecto Doppler.","","Difracción.","","Refracción.","","Efecto Joule.","","Respuesta_d",""
ECOEMS 2026,Física,Física,35,"Son aquellas ondas que se propagan en la misma dirección de la perturbación que las producen:","","","","transversales.","","trepidantes.","","longitudinales.","","oscilantes.","","Respuesta_c",""
ECOEMS 2026,Física,Física,36,"Tendemos a reconocer a las personas con solo escuchar sus voces, esto se debe a la cualidad del sonido que se llama:","","","","timbre.","","duración.","","intensidad.","","tono.","","Respuesta_a",""
ECOEMS 2026,Física,Física,37,"Cuando una ambulancia se va acercando a ti, la intensidad de la sirena parece aumentar y cuando se aleja aparentemente disminuye. ¿Qué fenómeno es este?","","","","Difracción.","","Efecto Doppler.","","Refracción.","","Efecto Joule.","","Respuesta_b",""
ECOEMS 2026,Física,Física,38,"Cuando una onda luminosa se encuentra con una barrera que no puede atravesar, choca y es:","","","","reflejada.","","difractada.","","refractada.","","rechazada.","","Respuesta_a",""
ECOEMS 2026,Física,Física,39,"Cuando una onda cambia de medio de propagación, ocurre un cambio en su velocidad y dirección, ¿cómo se llama a este fenómeno?","","","","difracción.","","reflexión.","","refracción.","","rechazo.","","Respuesta_c",""
ECOEMS 2026,Física,Física,40,"Parte más alta de la onda respecto a su punto de reposo:","","","","valle.","","ciclo.","","cresta.","","amplitud.","","Respuesta_c",
ECOEMS 2026,Física,Física,41,"A lo lejos ves un rayo cayendo en la tierra pero tarda 5 s en escucharse el estruendo, ¿a qué distancia del impacto te encuentras? (Considera que la velocidad del sonido en el aire es de /f 343~m/s f/).","","","","68.6 m","","1715 m","","-1715 m","","343 m","","Respuesta_b",""
ECOEMS 2026,Física,Física,42,"Las cargas eléctricas en movimiento establecen en el espacio a su alrededor un:","","","","campo magnético.","","equilibrio eléctrico.",,"campo inalámbrico.","","campo de seguridad.","","Respuesta_a",""
ECOEMS 2026,Física,Física,43,"Si el calor especifico del hierro es /f 0.11 cal/g^{\circ}C f/ y el del mercurio es /f 0.03 cal/g^{\circ}C f/, ¿qué sentencia es verdadera?",,,,"El mercurio se calienta más rápido que el hierro.","","El hierro se calienta más rápido que el mercurio.","","El mercurio y el hierro se calientan de igual modo pues son metales.","","El mercurio es líquido por lo tanto no se calienta tan rápido como el hierro.","","Respuesta_a",""
ECOEMS 2026,Física,Física,44,"Se introduce un poco de agua en una jeringa y en otra se deja entrar aire; en ambas se aplica fuerza al embolo. ¿Qué estado de agregación presentará mayor compresibilidad?","","","","El líquido.","","Ninguno es compresible.","","El gas.","","Ambos son igual de compresibles.","","Respuesta_c",""
ECOEMS 2026,Física,Física,45,"Es un ejemplo de fenómeno físico.","","","","Quemar combustibles.","","Digestión de alimentos.","","Descomposición de cadáveres.","","Condensación del agua.","","Respuesta_d",""
ECOEMS 2026,Física,Física,46,"La inercia de un cuerpo es proporcional su:","","","","fuerza.","","velocidad.","","masa.","","aceleración.","","Respuesta_c",""
ECOEMS 2026,Física,Física,47,"El estado de agregación cuyas moléculas tienen la energía cinética más baja:","","","","Líquido.","","Sólido.","","Gaseoso.","","Plasma.","","Respuesta_b",""
ECOEMS 2026,Física,Física,48,"Al poner en contacto un cuerpo con una fuente de calor, aumenta:","","","","la energía cinética de las moléculas.","","la cohesión de las moléculas.","","la capilaridad.","","la adherencia.","","Respuesta_a",""
ECOEMS 2026,Física,Física,49,"Según el Principio de Arquímedes, ¿qué sucede cuando el peso de un cuerpo es igual a la fuerza de empuje del líquido?","","","","El cuerpo se hunde.","","El cuerpo flota.","","El cuerpo se mantiene entre aguas.","","El cuerpo es echado fuera del líquido.","","Respuesta_c",""
ECOEMS 2026,Física,Física,50,"Es la unidad de medida de la temperatura del sistema inglés:","","","","Celsius","","Fahrenheit","","Kelvin","","Rankine","","Respuesta_b",""
ECOEMS 2026,Física,Física,51,"La equivalencia de /f 20^{\circ}C f/ a grados Fahrenheit es:","","","","/f -32^{\circ}F f/","","/f 68^{\circ}F f/","","/f -68^{\circ}F f/","","/f -20.88^{\circ}F f/","","Respuesta_b",
ECOEMS 2026,Física,Física,52,"Es más fácil levantar un cuerpo con ayuda de una polea porque:","","","","disminuyen el peso.","","las poleas giran.","","no presentan fricción.","","se pueden engrasar.","","Respuesta_a",""
ECOEMS 2026,Física,Física,53,"Si se tapa la boca de una botella que tiene soda y se agita, al destapar el líquido sale con mucha fuerza. ¿A qué se debe lo anterior?","","","","a que la soda se mueve.","","a la composición química del refresco.","","a la fuerza que ejerce el líquido sobre la botella.","","a que la presión liberada.","","Respuesta_d",""
ECOEMS 2026,Física,Física,54,"La ley: ""A toda fuerza de acción corresponde una de reacción de igual magnitud pero diferente sentido"", fue establecida por:","","","","Galileo.","","Aristóteles.","","Arquímedes.","","Newton.","","Respuesta_d",""
ECOEMS 2026,Física,Física,55,"¿Cuáles son las unidades de las magnitudes fundamentales del Sistema Internacional?","","","","m, kg, s","","cm, gr, minuto","","km, kg, s","","km, kg, h","","Respuesta_a",""
ECOEMS 2026,Física,Física,56,"Al frotar una regla de plástico contra el cabello, con la regla se puede levantar una regla de papel debido a que:","","","","el papel tiende a adherirse al papel.","","la regla y el papel se cargan electrostáticamente.","","se magnetizan la regla y el papel.","","el calor de la regla atrae al papel.","","Respuesta_b",""
ECOEMS 2026,Física,Física,57,"Cuando un cuerpo A tiene la misma carga electrostática que un cuerpo B, estos experimentan una fuerza mutua de:","","","","neutralización.","","electrificación.","","repulsión.","","atracción.","","Respuesta_c",""
ECOEMS 2026,Física,Física,58,"A temperatura de un cuerpo la determina:","","","","su masa.","","la temperatura de sus átomos.","","el movimiento de sus moléculas.","","su composición química.","","Respuesta_c",""
ECOEMS 2026,Física,Física,59,"La conducción, convección y radiación son las formas de:","","","","transmisión de una onda.","","transmisión del calor.","","transformación de la materia.","","expansión de la energía potencial.","","Respuesta_b",""
ECOEMS 2026,Física,Física,60,"Cuando se habla de movimiento rectilíneo uniforme, la velocidad:","","","","cambia.","","permanece constante.","","aumenta en proporción al tiempo.","","es nula.","","Respuesta_b",""
ECOEMS 2026,Física,Física,61,"Si un automóvil viaja con una velocidad de /f 140 m/s f/, ¿qué distancia recorre en 4.5 s?","","","","630 m","","6.3 m","","63 m","","6,300 m","","Respuesta_a",""
ECOEMS 2026,Física,Física,62,"Un avión va a una velocidad constante de /f 216 km/h f/ ¿Cuánto tiempo le toma recorrer 5,400 m?","","","","90 s","","9 s","","1,166.4 s","","324,000 s","","Respuesta_a",""
ECOEMS 2026,Física,Física,63,"Si un cuerpo tiene un peso de 150 N, su masa es:","","","","15.29 kg","","1,471.5 kg","","0.0654 kg","","150 kg","","Respuesta_a",""
ECOEMS 2026,Física,Física,64,"Un cuerpo aparentemente pesa menos dentro de una alberca llena de agua porque:","","","","el agua pesa más.","","hay una fuerza de empuje del líquido.","","no hay gravedad dentro del agua.","","contiene aire.","","Respuesta_b",""
ECOEMS 2026,Física,Física,65,"Dos cuerpos que reposan a la misma altura sobre el nivel del suelo, tienen la misma:","","","","energía luminosa.","","energía cinética.","","energía potencial.","","energía gravitacional.","","Respuesta_c",""
ECOEMS 2026,Física,Física,66,"Selecciona la opción que indique los enunciados con sentencias verdaderas: /n/n/i1. La unidad de la longitud en el Sistema Internacional es el cm. /n2. Un ejemplo de unidad fundamental es el kilogramo [kg] y el segundo [s]. /n3. Algunas unidades derivadas son el Newton [N] y el Joule [J]. /n4. Las yardas [yd] y pies [ft] no son unidades del Sistema Inglési/.","","","","1 y 2","","1 y 3","","2 y 4","","2 y 3","","Respuesta_d",""
ECOEMS 2026,Física,Física,67,"En el Sistema Internacional, la presión se mide en:","","","","N","","J","","mm de Hg","","Pa","","Respuesta_d",""
ECOEMS 2026,Física,Física,68,"El número 0.0000123 en notación científica es:","","","","/f 12.3\times10^{-6} f/","","/f 1.23\times10^{-3} f/","","/f 123\times10^{-3} f/","","/f 1.23\times10^{-7} f/","","Respuesta_a",""
ECOEMS 2026,Física,Física,69,"En el movimiento rectilíneo uniforme la aceleración es nula, esto quiere decir que:","","","","la aceleración es insignificante.","","la velocidad aumenta respecto al tiempo.","","la velocidad es constante.","","la velocidad disminuye respecto al tiempo.","","Respuesta_c",""
ECOEMS 2026,Física,Física,70,"¿Qué sentencia es cierta para el movimiento rectilíneo uniformemente acelerado?","","","","la velocidad es nula.","","la velocidad aumenta en proporción al tiempo.","","la velocidad es constante.","","la aceleración es cero.","","Respuesta_b",""
ECOEMS 2026,Física,Física,71,"En el Sistema Internacional, la unidad correcta para la aceleración es:","","","","/f m/s^{2} f/","","/f km/h f/","","/f m/s f/","","/f km/h^{2} f/","","Respuesta_a",
ECOEMS 2026,Física,Física,72,"Un oso que parte del reposo, tras 5 s adquiere una velocidad de /f 36 km/h f/, ¿cuál fue su aceleración?","","","","/f -2~m/s^{2} f/","","/f 7.2~m/s^{2} f/","","/f 2~m/s^{2} f/","","/f -7.2~m/s^{2} f/",,"Respuesta_c",
ECOEMS 2026,Física,Física,73,"Un esquiador que va a /f 18 km/h f/, desacelera /f m/s^{2} f/ ¿Cuánto tiempo le tomará detenerse completamente?","","","","-10 s","","9,000 s","","10 s","","-9,000 s","","Respuesta_c",""
ECOEMS 2026,Física,Física,74,"Selecciona la opción que indique cuáles sentencias /uson falsasu/: /n/n/i1. Dentro de una bomba de vacío, los cuerpos más pesados caen primero. /n2. El aire y el agua hacen fricción con los cuerpos y no permiten su caída libre. /n3. En una bomba de vacio todos los cuerpos caen al mismo tiempo sin importar el peso. /n4. La caída libre es un movimiento rectilíneo uniformemente aceleradoi/.",,,,"1 y 3",,"1",,"1, 2, 3 y 4",,"2 y 3",,"Respuesta_b",
ECOEMS 2026,Física,Física,75,"El modelo matemático que representa a la Segunda Ley de Newton es:",,,,"/f a=Fm f/",,"/f m=a/F f/",,"/f F=ma f/",,"/f a=m/F f/",,"Respuesta_c",
ECOEMS 2026,Física,Física,76,"La unidad para medir la fuerza en el Sistema Internacional es:",,,,"kg",,"N",,"dina",,"lb",,"Respuesta_b",
ECOEMS 2026,Física,Física,77,"El peso de un cuerpo en la Tierra y en la Luna no es igual ya que:","","","","la fuerza de gravedad es menor en la Luna.","","la composición del suelo es diferente.","","la presión atmosférica es distinta.","","las densidades no son las mismas.","","Respuesta_a",""
ECOEMS 2026,Física,Física,78,"La fuerza de fricción es siempre en sentido contrario a la fuerza que se aplica porque:","","","","se opone al movimiento.","","es debida a la gravedad.","","siempre se orienta así.","","produce desgaste.","","Respuesta_a",""
ECOEMS 2026,Física,Física,79,"La masa de un cuerpo es siempre constante sin importar el lugar del universo donde esté.","","","","variable","","nula","","negativa","","constante","","Respuesta_d",""
ECOEMS 2026,Física,Física,80,"Son consecuencias de la fricción de los cuerpos: /n/n/i1. La caída libre de los cuerpos. /n2. La fuerza de gravedad. /n3. El desgaste de los materiales. /n4. La pérdida de energía transformada en calori/.","","","","1 y 2","","1 y 3","","3 y 4","","2 y 4","","Respuesta_c",
ECOEMS 2026,Física,Física,81,"Un cuerpo se encuentra a 20 m de altura y posee una energía potencial de /f 450 J f/. Si se deja caer, ¿qué tanta energía potencial tendrá al llegar al suelo?","","","","El doble.","","Valdrá cero.","","La mitad.","","La misma.","","Respuesta_b",""
ECOEMS 2026,Física,Física,82,"Un ave de /f 1 kg f/ vuela a una altura de /f 40 m f/ sobre el suelo y lleva una velocidad constante de /f 4~m/s f/, ¿cuál es el valor de su energía mecánica?","","","","400.4 J","","392.4 J","","8 J","","384.4 J","","Respuesta_a",""
ECOEMS 2026,Física,Física,83,"Un avión va a una velocidad de /f 720 km/h f/ y su energía cinética es de /f 1,800,000,000 f/, ¿cuál es la masa del avión?","","","","9 toneladas.","","2,500 toneladas.","","90 toneladas.","","25 toneladas.","","Respuesta_c",""
ECOEMS 2026,Física,Física,84,"A un trineo de /f 147.15 N f/ de peso se le aplica una fuerza que provoca una aceleración de /f 5 m/s^{2} f/. ¿De cuánto fue la fuerza que se le aplicó?","","","","15 N","","735 N","","75 N","","29.4 N","","Respuesta_c",""
ECOEMS 2026,Física,Física,85,"El trabajo se realiza cuando a un cuerpo:","","","","se le somete a realizar una actividad.","","se desgasta por el desplazamiento.","","se le aplica una fuerza y se desplaza.","","se destruye por soportar un peso.","","Respuesta_c",""
ECOEMS 2026,Física,Física,86,"La equivalencia de /f 0^{\circ}C f/ a /f K f/ es:","","","","/f 32^{\circ}K f/","","/f 273.15^{\circ}K f/","","/f -273.15^{\circ}K f/","","/f 212^{\circ}K f/","","Respuesta_b",
ECOEMS 2026,Física,Física,87,"Una rueda de auto se desliza por la carretera, la ficción produce:","","","","calor.","","energía potencial.","","reacciones.","","ondas.","","Respuesta_a",""
ECOEMS 2026,Física,Física,88,"Cuando a un cuerpo se le aumenta la temperatura, sus dimensiones:","","","","se encojen.","","disminuyen.","","se mantienen.","","aumentan.","","Respuesta_d",""
ECOEMS 2026,Física,Física,89,"El punto de ebullición del agua es a:","","","","/f 100^{\circ}C f/","","/f 0^{\circ}C f/","","/f -1^{\circ}C f/","","/f 1^{\circ}C f/","","Respuesta_a",
ECOEMS 2026,Física,Física,90,"La presión aplicada sobre una superficie es inversamente proporcional a:","","","","la fuerza que se aplica.","","el área de contacto.","","la altura respecto al nivel del mar.","","la presión atmosférica.","","Respuesta_b",""
ECOEMS 2026,Física,Física,91,"El empuje de los líquidos se define como:","","","","las fuerzas que ejerce el líquido sobre objetos.","","la fuerza de gravedad dentro del líquido.","","la fuerza de un objeto sobre el líquido.","","la presión atmosférica sobre un líquido.","","Respuesta_a",""
ECOEMS 2026,Física,Física,92,"La resistencia eléctrica es:","","","","la cualidad de un material de conducir corriente eléctrica.","","el movimiento de cargas eléctricas.","","la oposición de un material al paso de corriente eléctrica.","","la capacidad de un material de generar campo eléctrico.","","Respuesta_c",""
ECOEMS 2026,Física,Física,93,"Las cargas electrostáticas de diferente signo:","","","","se repelen.","","reaccionan.","","se compensan.","","se atraen.","","Respuesta_d",""
ECOEMS 2026,Física,Física,94,"Una licuadora tiene una resistencia de 34 ohm y se conecta a un voltaje de 127 V. ¿Cuánta corriente fluye?","","","","0.2 A","","3.7 A","","4,318 A","","161 A","","Respuesta_b",""
ECOEMS 2026,Física,Física,95,"Cuando un flujo de carga eléctrica recorre un material, decimos que hay:","","","","corriente eléctrica.","","resistencia.","","imantación.","","inducción.","","Respuesta_a",""
ECOEMS 2026,Física,Física,96,"La instalación eléctrica de las casas se hace en paralelo para que:","","","","la corriente sea igual en cada electrodoméstico.","","la resistencia se reparta en cada electrodoméstico.","","la potencia se conserve en cada electrodoméstico.","","el voltaje sea igual en cada electrodoméstico.","","Respuesta_d",""
ECOEMS 2026,Física,Física,97,"Cuando un circuito se conecta en serie:","","","","la corriente es igual en cada elemento conectado.","","la resistencia se reparte en cada elemento conectado.","","el voltaje es igual en cada elemento conectado.","","la potencia se conserva en cada elemento conectado.","","Respuesta_a",""
ECOEMS 2026,Física,Física,98,"Una maquina tiene mucha potencia porque:","","","","dura más tiempo trabajando.","","resiste más.","","hace en menos tiempo un trabajo.","","consume poca energía eléctrica.","","Respuesta_c",""
ECOEMS 2026,Física,Física,99,"Una maquina tiene una potencia de 750 W, si trabaja con una corriente de 3 A, ¿a qué voltaje hay que conectarla?","","","","2,250 V","","250 V","","6,750 V","","127 V","","Respuesta_b",""
ECOEMS 2026,Física,Física,100,"Un barril, de /f 20 kg f/ y con base de /f 25 cm f/ de radio, es colocado sobre una superficie, ¿cuál es la presión ejercida sobre la superficie? (Considera /f g=9.8~m/s^{2} f/ y /f \pi=3.14 f/).","","","","1,000 Pa","","100 Pa","","10 Pa","","1 Pa","","Respuesta_a",""
ECOEMS 2026,Física,Física,101,"Desde lo alto de un risco se deja caer una roca y tarda 12 s en llegar al suelo, ¿cuál es la altura del risco?","","","","58.86 m","","706.32 m","","144 m","","504 m","","Respuesta_b",""
ECOEMS 2026,Física,Física,102,"¿Cuál es el trabajo que se requiere para poder levantar un cuerpo de 70 kg hasta una altura de 15 m?","","","","1.050 J","","85 J","","10,300.5 J","","4.6 J","","Respuesta_c",""
ECOEMS 2026,Física,Física,103,"Un recipiente cilíndrico cuyo diámetro es de /f 20 cm f/, contiene agua que llega a /f 90 cm f/ de altura. Se introduce un objeto y el agua se eleva hasta /f 110 cm f/, ¿cuál será el volumen del objeto? (Considera a  /f \pi=3.14 f/).","","","","/f 0.2~m^{3} f/","","/f 2~m^{3} f/","","/f 20~m^{3} f/","","/f 0.02~m^{3} f/","","Respuesta_d",
ECOEMS 2026,Física,Física,104,"A un cuerpo se le aplican dos fuerzas: una al norte de 800 N y otra al sur de 700 N, ¿cuál es la fuerza resultante y hacia dónde se mueve el cuerpo?","","","","100 N al norte.","","-100 N al norte.","","100 N al sur.","","-100 N al sur.","","Respuesta_a",""
ECOEMS 2026,Física,Física,105,"Es un ejemplo de magnitud vectorial:","","","","Tiempo","","Masa","","Velocidad","","Temperatura","","Respuesta_c",
ECOEMS 2026,Física,Física,106,"Nombre de la propiedad general de la materia que se define como la resistencia a alterar el estado de reposo o de movimiento de un cuerpo:","","","","Inercia","","Peso","","Volumen","","Impenetrabilidad","","Respuesta_a",""
ECOEMS 2026,Física,Física,107,"Ponemos bolitas de naftalina para que la ropa no sea atacada por insectos cuando está almacenada por mucho tiempo, estamos aprovechando el cambio de fase Ilamado:","","","","Ebullición","","Fusión","","Condensación","","Sublimación","","Respuesta_d",""
ECOEMS 2026,Física,Física,108,"Un ascensor cuya masa es de 1000 kg ha subido 10 cajas hasta una altura de 10 m en 3 s, si cada caja tiene una masa de 5 kg, ¿cuál es la potencia del motor del ascensor?","","","","26,125 W","","1,050 W","","103,005 W","","34,335 W","","Respuesta_d",""
ECOEMS 2026,Física,Física,109,"La siguiente gráfica (v-t) muestra el movimiento de un automóvil en distintas etapas. ¿Qué valor tiene la aceleración del móvil del punto A al punto B?",ecoems_fisica_pregunta_109_parrafo.png,"","","/f 0~m/s^{2} f/","","/f 10~m/s^{2} f/","","No se sabe.","","Siempre es igual.","","Respuesta_a",
ECOEMS 2026,Física,Física,110,"¿Qué gráfica (v-t) representa un movimiento rectilineo uniforme?","","","",,ecoems_fisica_pregunta_110_respuesta_a.png,,ecoems_fisica_pregunta_110_respuesta_b.png,,ecoems_fisica_pregunta_110_respuesta_c.png,,ecoems_fisica_pregunta_110_respuesta_d.png,"Respuesta_a",
ECOEMS 2026,Simulacro,Habilidad Matemática,1,Ecuentra los términos que faltan en la siguiente serie.,,,"/b5,12, 16, 8, 27, 4, ___, ___.b/","49, 0",,"38, 49",,"38, 0",,"38, -4",,Respuesta_c
ECOEMS 2026,Simulacro,Habilidad Matemática,2,"La sucesión que se genera al sustituir /b/fnf/b/ por 1, 2, 3 y 4 en la expresión algebraica",,,/f\frac{1}{n} (-1)^{n+1}f/ es,"/f1,-\frac{1}{2} ,\frac{1}{3} ,-\frac{1}{4}f/",,"/f-1,\frac{1}{2} ,-\frac{1}{3} ,\frac{1}{4}f/",,"/f-2,1,-\frac{3}{4} ,-\frac{5}{3}f/",,"/f1,\frac{1}{2} ,\frac{1}{3} ,\frac{1}{4}f/",,Respuesta_a
ECOEMS 2026,Simulacro,Habilidad Matemática,3,El número que sigue en la serie,,,"/b1, 3, 9, 11, 33, 35, ____ esb/",/f105f/,,/f46f/,,/f44f/,,/f38f/,,Respuesta_a
ECOEMS 2026,Simulacro,Habilidad Matemática,4,Identifica el número que continúa en la siguiente serie.,,,"/b3, 5, 9, 17, 33, 65, ____, ...b/",/f129f/,,/f89f/,,/f99f/,,/f79f/,,Respuesta_a
ECOEMS 2026,Simulacro,Habilidad Matemática,5,¿Cuál es la figura que sigue para completar la secuencia?,ecoems_simulacro_habilidadmatemática_5_parrafo.png,,,,ecoems_simulacro_habilidadmatemática_5_respuesta_a.png,,ecoems_simulacro_habilidadmatemática_5_respuesta_b.png,,ecoems_simulacro_habilidadmatemática_5_respuesta_c.png,,ecoems_simulacro_habilidadmatemática_5_respuesta_d.png,Respuesta_c
ECOEMS 2026,Simulacro,Habilidad Matemática,6,¿Cuál es la figura que sigue para completar la secuencia?,ecoems_simulacro_habilidadmatemática_6_parrafo.png,,,,ecoems_simulacro_habilidadmatemática_6_respuesta_a.png,,ecoems_simulacro_habilidadmatemática_6_respuesta_b.png,,ecoems_simulacro_habilidadmatemática_6_respuesta_c.png,,ecoems_simulacro_habilidadmatemática_6_respuesta_d.png,Respuesta_d
ECOEMS 2026,Simulacro,Habilidad Matemática,7,La figura que continúa la serie es,ecoems_simulacro_habilidadmatemática_7_parrafo.png,,,,ecoems_simulacro_habilidadmatemática_7_respuesta_a.png,,ecoems_simulacro_habilidadmatemática_7_respuesta_b.png,,ecoems_simulacro_habilidadmatemática_7_respuesta_c.png,,ecoems_simulacro_habilidadmatemática_7_respuesta_d.png,Respuesta_c
ECOEMS 2026,Simulacro,Habilidad Matemática,8,Si las primeras cuatro figuras son,ecoems_simulacro_habilidadmatemática_8_parrafo.png,,¿Cuántos puntos hay en la octava figura?,42,,72,,90,,30,,Respuesta_b
ECOEMS 2026,Simulacro,Habilidad Matemática,9,¿Cuántos hexágonos hay en la siguiente figura?,ecoems_simulacro_habilidadmatemática_9_parrafo.png,,,7,,6,,10,,3,,Respuesta_d
ECOEMS 2026,Simulacro,Habilidad Matemática,10,"¿Cuál es el volumen de la siguiente figura, si el lado de cada cubo mide /f2cmf/?",ecoems_simulacro_habilidadmatemática_10_parrafo.png,,,/f24\  cm^{3}f/,,/f96\  cm^{3}f/,,/f64\  cm^{3}f/,,/f48\  cm^{3}f/,,Respuesta_b
ECOEMS 2026,Simulacro,Habilidad Matemática,11,¿Cuál es la figura que se forma al posicionar la figura B en el dado superior derecho de la A?,ecoems_simulacro_habilidadmatemática_11_parrafo.png,,,,ecoems_simulacro_habilidadmatemática_11_respuesta_a.png,,ecoems_simulacro_habilidadmatemática_11_respuesta_b.png,,ecoems_simulacro_habilidadmatemática_11_respuesta_c.png,,ecoems_simulacro_habilidadmatemática_11_respuesta_d.png,Respuesta_c
ECOEMS 2026,Simulacro,Habilidad Matemática,12,¿Qué cubo se forma a partir del desarrollo del plano mostrado en la imagen?,ecoems_simulacro_habilidadmatemática_12_parrafo.png,,,,ecoems_simulacro_habilidadmatemática_12_respuesta_a.png,,ecoems_simulacro_habilidadmatemática_12_respuesta_b.png,,ecoems_simulacro_habilidadmatemática_12_respuesta_c.png,,ecoems_simulacro_habilidadmatemática_12_respuesta_d.png,Respuesta_b
ECOEMS 2026,Simulacro,Habilidad Matemática,13,Si se llenan 45 frascos de 200 gramos de mayonesa /n¿cuántos frascos de 150 gramos se pueden llenar con la misma cantidad de mayonesa?,,,,75,,60,,55,,50,,Respuesta_b
ECOEMS 2026,Simulacro,Habilidad Matemática,14,La suma de un número con el triple de otro es 18; y la diferencia del primero con el doble del segundo es 8.,,,¿Cuáles son esos números?,24 y -2,,24 y 2,,12 y 2,,12 y -2,,Respuesta_c
ECOEMS 2026,Simulacro,Habilidad Matemática,15,¿Cuál es el número que falta en el último triángulo?,ecoems_simulacro_habilidadmatemática_15_parrafo.png,,,13,,23,,24,,31,,Respuesta_c
ECOEMS 2026,Simulacro,Habilidad Matemática,16,"De los números /fp, qf/ y /frf/, se sabe que /fpf/ es mayor que /fqf/ y /fpf/ es menor que /frf/, por lo tanto que puede concluirse que",,,,/fqf/ y /frf/ son iguales.,,/frf/ es mayor que /fqf/.,,/fqf/ es mayor que /frf/.,,/fpf/ es el mayor de los tres.,,Img_Respuesta_b
ECOEMS 2026,Simulacro,Biología,17,Unidad estructural y funcional de los seres vivos.,,,,Célula,,Gen,,Tejido,,Órgano,,Respuesta_b
ECOEMS 2026,Simulacro,Biología,18,"Según Darwin, la selección natural es",,,,el proceso por el cual los individuos que sobreviven son los mejor adaptados.,,la presencia de variaciones entre individuos de una misma especie.,,la diversidad de seres vivos que han aparecido en el transcurso del tiempo.,,"la forma de explicar, cómo se originó la vida en el planeta.",,Respuesta_a
ECOEMS 2026,Simulacro,Biología,19,A través del desarrollo _____________ se busca evitar el deterioro del medio ambiente y satisfacer las necesidades de las generaciones presentes y futuras.,,,,global,,científico,,sustentable,,regional,,Respuesta_c
ECOEMS 2026,Simulacro,Biología,20,El estudio de los microorganismos y el uso de vacunas que nos permiten mejorar nuestra calidad de vida son ejemplos de,,,,conocimiento empírico y etimología.,,ciencias duras y análisis.,,conocimiento científico y tecnológico.,,ciencia pura y observación.,,Respuesta_c
ECOEMS 2026,Simulacro,Biología,21,Partes de la planta que generalmente realizan la fotosíntesis.,,,,Flores y tallos.,,Raíces y tallos.,,Tallos y hojas.,,Raíces y hojas.,,Respuesta_c
ECOEMS 2026,Simulacro,Biología,22,Proceso que abarca dos momentos: el intercambio de gases (oxígeno y bióxido de carbono) y la transformación de glucosa en energía química (ATP).,,,,Respiración.,,Nutriciòn.,,Circulación.,,Digestiòn.,,Respuesta_a
ECOEMS 2026,Simulacro,Biología,23,Los organismos heterótrofos,,,,Utilizan la energía del Sol para sintetizar sus alimentos.,,transforman la energía de la luz en energía química.,,sintetizan su alimento meidnate el proceso de la fotosíntesis.,,dependen de otros organismos para obtener su alimento.,,Respuesta_d
ECOEMS 2026,Simulacro,Biología,24,¿Cómo se podría prevenir el sobrepeso y la obsidad?,,,,Consumir principalmente carnes y pescados.,,Tomar complementos alimenticios y mucha agua,,Llevar una dieta con alimentos ricos en proteínas y grasas.,,"Llevar una dieta balanceada con verduras, frutas y carnes",,Respuesta_d
ECOEMS 2026,Simulacro,Biología,25,La contaminación por acumulación de bióxido de azufre en la atmósfera es una condición que provoca de manera secundaria,,,,lluvia ácida.,,efecto invernadero.,,abundancia de /fCO_{2}f/.,,degradación de la capa de ozono.,,Respuesta_a
ECOEMS 2026,Simulacro,Biología,26,La producción de gametos se lleva a cabo por,,,,meiosis.,,replicaión.,,mitósis.,,esporulación.,,Respuesta_a
ECOEMS 2026,Simulacro,Biología,27,Anticonceptivo que tiene como ventaja prevenir infecciones de transmisión sexual.,,,,Diafragma cervical.,,Óvulo vaginal.,,Dispositivo intrauterino.,,Preservativo o condón.,,Respuesta_d
ECOEMS 2026,Simulacro,Biología,28,Los caracteres hereditarios se transmiten a los hijos mediante,,,,la sangre.,,los cromosomas de las células reproductoras.,,los líquidos que pasan de madre a hijo durante la gestación.,,el nucléolo del óvulo y el espermatozoide.,,Respuesta_b
ECOEMS 2026,Simulacro,Español,29,La ficha __________ tiene la función de ayudarnos a conservar los datos de una obra.,,,,mesográfica,,de cita textual,,de trabajo,,bibliográfica,,Respuesta_d
ECOEMS 2026,Simulacro,Español,30,Ordena cronológicamente los siguientes párrafos.,,"I. Entonces la muchedumbre se abalanzó contra el ladrón. Su guardia personal, sólo pudo rescatar un par de ensangrentados zapatos de charol. /nII. Saltó con agilidad un pequeño charco de agua podrida y se puso a estrechar manos sudorosas y de una aspereza de piedras de volcán. De pronto, se dio cuenta que su finísimo reloj de oro había desaparecido. /nIII. El señor presidente, olisqueando su pañuelo empapado en agua de lavanda, se paseaba por el mercado público en cumplimiento de su promesa electoral, de que cada ocho días se pondría en contacto con el pueblo. /nIV. Se empinó en la punta de sus zapatos de charol y vislumbró el correr desalado de un muchacho. Con todas las fuerzas de sus pulmones gritó: ¡Al ladrón! ¡Al ladrón! ¡Agarren al ladrón! ¡Maten al ladrón!",/bJairo Aníbal Niñob/ /n/bDe las crónicas de la ciudadb/,"II, I, III y IV",,"I, IV, II y III",,"III, II, IV y I",,"III, IV, II y I",,Respuesta_c
ECOEMS 2026,Simulacro,Español,31,"En el siguiente párrafo, ¿qué recurso se ha empleado predominantemente para desarrollar el tema?",,"Hay quienes son adictos a una persona, o adictos a la sensación que les producen ciertos patrones destructivos en una relación. Tengo una amiga que siempre se queja de que los hombres la utilizan o maltratan, pero sólo elige involucrarse en relaciones conflictivas: triángulos amorosos, hombres celosos, casados, psicóticos, vejestorios. Otra más siente siente que siempre -literalmente, siempre y en todo momento- tiene que estar enamorada; a esto también se le llama ""síndrome de Madame Bovary"". Y ellos no están exentos de sentir esa pulsión por el amor romántico -y, muchas veces, estoico, sin sentido y sin posibilidad de dar frutos en la vida real-, sólo que lo suyo recibe el nombre de ""síndrome de caballero andante"".",/bKarla Covarrubias Molinab/ /n/b/iLas nuevas adiccionesi/b/,Paráfrasis.,,Explicación.,,Ejemplificación.,,Reiteración.,,Respuesta_c
ECOEMS 2026,Simulacro,Español,32,"En el siguiente texto, la frase /b/usubrayadau/b/ sirve para",,"En un medio transparente se puede comprobar claramente el fenómeno de la refracción. /b/uPor ejemplou/b/, cuando introducimos lentamente un popote en un vaso de agua y observamos además que el trozo sumergido parece doblarse.",/bDaniel Martín Reynab/ /n/b/iInvisibilidad a la vistai/b/,presentar una causa.,,encadenar argumentos.,,introducir una idea.,,indicar simultaneidad.,,Respuesta_c
ECOEMS 2026,Simulacro,Español,33,Lee el siguiente texto.,,"Al instante se oyó un gran estallido y, ante el asombro de todos, Ganumi comenzó a recoger la cuerda hasta hacerla desaparecer en el cielo. /b/uDespuésu/b/ de eso el hombre invitó a los demás a porbar los frutos que le habían dado. /b/uPrimerou/b/ la gente no quiso tomarlos, temiendo que fueran venenosos, /b/uluegou/b/ todo el mundo tomó un poco... /n/n/bJuan Manuel de Pradan /nEl hombre que quiso conocer a la lunab/",Las palabras subrayadas son nexos que,tienen un significado concesivo.,,introducen ideas y argumentos.,,relacionan temporalmente los enunciados.,,tienen un significado casual.,,Respuesta_c
ECOEMS 2026,Simulacro,Español,34,Lee el siguiente texto.,,"Los problemas de sobrepeso y obesidad son problemas de todos los mexicanos, /b/uperou/b/ fundamentalmente de los hombres y mujeres pobres que viven en las ciudades (en el campo, entre los pobres, son más bajos los índices de sobrepeso, /b/uaunqueu/b/ también resultan alarmantes)... /n/n/bCarlos Tello Díazb/ /n/bLos gordosb/",Las palabras subrayadas son nexos que,encadenan argumentos.,,jerarquizan información.,,presentan una causa.,,introducen una consecuencia.,,Respuesta_a
ECOEMS 2026,Simulacro,Español,35,Las oraciones que conforman el siguiente texto deben estar separadas por,,En 1810 había muchas fábricas de chocolate porque nuestros abuelos desayunaban con chocolate___ tomaban chocolate a la hora de la siesta___ bebían chocolate en la merienda y cenaban chocolate.,,punto y coma.,,comas.,,punto y aparte.,,punto y seguido.,,Respuesta_b
ECOEMS 2026,Simulacro,Español,36,"Se utiliza para introducir una definición o concepto, antes de escribir una cita textual, después del vocativo y antes de iniciar una enumeración.",,,,Punto y aparte.,,Punto y coma.,,Dos puntos.,,Coma.,,Respuesta_c
ECOEMS 2026,Simulacro,Español,37,Lee el siguiente párrafo e indica a qué categoría pertenecen los elementos subrayados.,,"Jorge era un hombre, un /b/ugraveu/b/ guerrero, hermoso a su manera, /b/udignou/b/ de la admiración con que le miraba Miguel. Alto y /b/umembrudou/b/, llevaba con /b/umarcialu/b/ desembarazo [...] el arnés entero de batalla [...] El rostro de Jorge respiraba ardor y lealtad: pálido, de /b/ugarzosu/b/ ojos, una /b/upuntiagudau/b/ barba castaña lo hacía más varonil.",,Sustantivos.,,Gerundios.,,Participios.,,Adjetivos.,,Respuesta_d
ECOEMS 2026,Simulacro,Español,38,El fragmento es una narración porque,,"El siglo XX es el siglo del gran error del arte, de la gran equivocación el malentendido de convertir lo banal e intrascendental en perpetuo, de confundir el ingenio rápido y fácil con reflexión profunda. Con el inicio del siglo XX comenzó la etapa más torpe y mediocre de la creación y la visión artística. En 1917 Marcel Duchamp hizo del sentido del humor la nueva filosofía de la ocurrencia en aformismo y de la supuesta falta de comprensión del público su máxima. Al llamar a un urinario /iFuentei/, Duchamp inventó el anti-arte, una pieza destinada a destruir el arte. Esta invención fue malinterpretada como una osadía estética, y los teóricos y curadores la instauraron como canon artístico. Éste fue el primer error, afirmar que tal obra era arte y situarla en un contexto impropio: el museo.",/bAvelina Lasperb/ /n/bPara que no avance la ignoranciab/,hace us de tiempos verbales en pasado.,,alude a un personaje del pasado.,,menciona dos momentos históricos.,,aborda el concepto de arte.,,Respuesta_a
ECOEMS 2026,Simulacro,Español,39,Señala el eslogan que pretende lograr un cambio de conducta en el consumidor,,,,La marca Nike distingue.,,"""Coca-Cola"", la chispa de la vida.",,Mezclar alcohol y gasolina mata.,,El agua más sana ""Sol y Nieve"".,,Respuesta_c
ECOEMS 2026,Simulacro,Español,40,Selecciona el ejemplo de texto publicitario donde se exageran las cualidades de un producto.,,,,"""Yo sin Bic, no puedo vivir.""",,"""Mejor, Mejora, Mejoral""",,"""Por su rico sabor casero, Tía Rosa"".",,"""Con el cariño de siempre, Bimbo"".",,Respuesta_a
ECOEMS 2026,Simulacro,Química,41,Propiedades físicas de los gases.,,,,Difusibilidad y volumen propio.,,Volumen definido y maleabilidad.,,Volumen y forma indefinida.,,Forma indefinida y maleabilidad.,,Respuesta_c
ECOEMS 2026,Simulacro,Química,42,La condensación del vapor de agua es un fenómeno físico porque,,,,sólo se modifica la temperatura del agua.,,cambia la estructura del agua.,,cambia de estado físico.,,se altera la naturaleza íntima del agua.,,Respuesta_c
ECOEMS 2026,Simulacro,Química,43,"Propiedad que nos permite cuantificar la cantidad de los materiales de los siguientes ejemplos: mesa, pelota y cuaderno.",,,,Volumen.,,Masa.,,Longitud.,,Densidad.,,Respuesta_b
ECOEMS 2026,Simulacro,Química,44,"Un cubo de hielo cuya masa es de 10g se calienta y se funde. En este caso, la masa del agua líquida",,,,disminuye 0.01mg.,,sigue siendo de 10g.,,se contrae y pierde cantidad.,,se expande y gana cantidad.,,Respuesta_b
ECOEMS 2026,Simulacro,Química,45,"Las partículas subatómicas que dan el número atómico de un elemento, son los",,,,protones.,,positrones.,,neutrones.,,iones.,,Respuesta_a
ECOEMS 2026,Simulacro,Química,46,El número de masa de un elemento que tiene 34 protones y 45 neutrones es,,,,34,,11,,79,,68,,Respuesta_c
ECOEMS 2026,Simulacro,Química,47,"Los símbolos químicos de sódio, potasio, calcio y boro son respectivamente",,,,"S, P, Ca, B",,"NA, P, Ca, B",,"Na, K, Ca, B",,"Na, K, C, B",,Respuesta_c
ECOEMS 2026,Simulacro,Química,48,En la tabla periódica los elementos se clasifican en orden,,,,creciente de masa atómica.,,creciente de número de masa.,,creciente de número atómico.,,decreciente de número atómico.,,Respuesta_c
ECOEMS 2026,Simulacro,Química,49,Los enlaces químicos están formados por fuerzas __________ que mantienen unidos a los átomos.,,,,eléctricas,,gravitacionales,,químicas,,magnéticas,,Respuesta_a
ECOEMS 2026,Simulacro,Química,50,¿Cuál de los siguientes ejemplos es un fenómeno químico?,,,,La evaporación del agua.,,Diluir un refresco.,,La combustión de carbón.,,La sublimación del yodo.,,Respuesta_c
ECOEMS 2026,Simulacro,Química,51,"A las substancias que se combinan en una reacción química se les llama __________, y a las substancias formadas en la reacción química se les denomina __________.",,,,reactivos - mezclas,,elementos - moléculas,,reactivos - productos,,productos - mezclas,,Respuesta_c
ECOEMS 2026,Simulacro,Química,52,Son procesos de óxido-reducción.,,,,"La evaporación del agua, el empañamiento de la plata y quemar un papel.",,"La oxidación de la manzana, la corrosión de un calvo y la combustión de una vela.",,"El empañamiento de la plata, la oxidación de la manzana y romper un huevo.",,"La combustión de una vela, quemar un papel y cortar una manzana.",,Respuesta_b
ECOEMS 2026,Simulacro,Historia Universal,53,La importancia de la apertura de nuevas rutas comerciales en el siglo XVI radicó en que,,,,el feudalismo consolidó su economía.,,el transporte terrestre incrementó su volumen.,,las ciudades italianas experimentaron crisis.,,originaron los grandes imperios coloniales.,,Respuesta_d
ECOEMS 2026,Simulacro,Historia Universal,54,El triunfo de la Revolución Francesa tuvo gran significado en América Latina porque,,,,estableció principios y derechos universales.,,dio un nuevo impulso a la monarquía.,,permitió que Napoleón llegara al poder.,,promovió la necesidad de una revolución industrial.,,Respuesta_a
ECOEMS 2026,Simulacro,Historia Universal,55,"Según el nacionalismo del siglo XIX, ¿qué determinaba lo /inacionali/ en cada estado?",,,,"El sentimiento de colectividad derivado del idioma, costumbres e historia común.",,"La solidaridad social en relación con las diferencias culturales de su población.",,"Los inetereses tradicionales de una sociedad enfocados a resolver asuntos económicos.",,"El pensamiento de una población que defiende su religión por encima de todo.",,Respuesta_a
ECOEMS 2026,Simulacro,Historia Universal,56,La __________ hace referencia a las hostilidades no frontales entre el bloque socialista encabezado por la Unión Sobiética y las potencias capitalistas representadas por Estados Unidos de América después de la Segunda Guerra Mundial.,,,,crisis de los misiles,,guerra pacífica,,cortina de hierro,,guerra fría,, Respuesta_d
ECOEMS 2026,Simulacro,Historia Universal,57,"Etapa de la Segunda Guerra Mundial que se caracterizó por los ataques fulmiantes de Alemania, empleando ataques ligeros, rápidos y potentes.",,,,Guerra de desgaste.,,Operación Barbarroja.,,Guerra relámpago.,,Guerra de trincheras.,,Respuesta_c
ECOEMS 2026,Simulacro,Historia Universal,58,La Guerra del Golfo Pérsico entre Iraq y una coalición internacional liderada por Estados Unidos surgió del interés por controlar __________ de esa zona del planeta.,,,,el grafito,,el petróleo,,la plata,,el oro,,Respuesta_b
ECOEMS 2026,Simulacro,Historia de México,59,Cultura que floreció en Monte Albán bajo el apelativo de "gente de las nubes".,,,,Teotihuacana,,Totonaca,,Zapoteca,,Olmeca,,Respuesta_c
ECOEMS 2026,Simulacro,Historia de México,60,La producción de __________ fue determinada para la economía de la Nueva España.,,,,artesanías,,metales,,henequén,,maíz,,Respuesta_b
ECOEMS 2026,Simulacro,Historia de México,61,"En el siglo XIX, las reclamaciones monetarias de ciudadanos extranjeros afectados por las guerras civiles de México dieron origen a conflictos internacionales como",,,,la guerra con Estados Unidos de América.,,la Primera Intervención Frnacesa.,,la invación de Isidro Barradas.,,el conflicto de la mesilla.,,Respuesta_b
ECOEMS 2026,Simulacro,Historia de México,62,"Durante el Porfiriato, el sector de la infraestructura donde invirtieron principalmente los capitalistas extranjeros fue el de",,,,carreteras.,,ferrocarriles,,puertos,,telégrafos,,Respuesta_b
ECOEMS 2026,Simulacro,Historia de México,63,Una de las acciones de Lázaro Cárdenas para llevar a cabo la Reforma Agraria fue la creación,,,,de la Confedereación Nacional Campesina.,,de las Comisiones Nacionales de Irrigación y de Caminos.,,del primer Código Agrario.,,del Banco de Crédito agrícola.,,Respuesta_a
ECOEMS 2026,Simulacro,Historia de México,64,"De los siguientes acontecimientos, ¿cuáles resultan congruentes con el gobierno de Ernesto Zedillo Ponce de León?",,,I. Rescate de los bancos a través del FOBAPROA. /nII. Conflictor universitario (1999-2000). /nIII. Ley de asociaciones religiosas y culto público. /nIV. Tratado de Tlatelolco. /nV. Tratado de libre comercio con Chile y Costa Rica.,"I, II y V",,"II, III y IV",,"II, IV, y V",,"III, IV y V",,Respuesta_a
ECOEMS 2026,Simulacro,Matemáticas,65,"La bolsa de valores inició sus actividades de la semana con 28 puntos; el lunes ganó 15 puntos, el martes perdió 12, el miércoles perdió 16, el jueves ganó 40 y el viernes perdió 18.",,,¿Con cuántos puntos cerró la semana?,37,,40,,9,,32,,Respuesta_a
ECOEMS 2026,Simulacro,Matemáticas,66,"Un pueblo sufre una plaga de 10,000 ratones que encuentran condiciones de reproducción al inicio de la temporada de cosecha, por lo que se espera un incremento de 120% de su población.",,,¿Cuál es el total de ratones al final de temporada?,"12,000",,"22,000",,"120,000",,"220,000",,Respuesta_b
ECOEMS 2026,Simulacro,Matemáticas,67,"En la ecuación /f x - 3 = 6 f/, el valor de /f x f/ es",,,,/f x = -3 f/,,/f x = 2 f/,,/f x = 3 f/,,/f x = 9 f/,,Respuesta_d
ECOEMS 2026,Simulacro,Matemáticas,68,¿Cuál es la solución de /f y f/ en el siguiente sistema?,,,/f \left. 3x - 2y = 7 \atop\ 2x + 5y = 30 \right. f/,/f 0 f/,,/f 2 f/,,/f 3 f/,,/f 4 f/,,Respuesta_d
ECOEMS 2026,Simulacro,Matemáticas,69,"Una factorización de la expresión /f x^{2} - 6x + 9 f/, es",,,,/f (x-3)^{2} f/,,/f (x+3)^{2} f/,,/f (x-6)^{2} f/,,/f (x-9) (x+3) f/,,Respuesta_a
ECOEMS 2026,Simulacro,Matemáticas,70,"Identifica en /f cm f/ el perímetro que tiene un triángulo cuyos lados miden /f 6 cm f/, /f 7 cm f/ y /f 12 cm f/ respectivamente",ecoems_simulacro_matemáticas_70_parrafo.png,,,/f 42 cm f/,,/f 25 cm f/,,/f 84 cm f/,,/f 72 cm f/,,Respuesta_b
ECOEMS 2026,Simulacro,Matemáticas,71,"Calcule la altura del triángulo de la imagen, empleando los fundamentos del teorema de Pitágoras",ecoems_simulacro_matemáticas_71_parrafo.png,,,/f 4.05 m f/,,/f 5.14 m f/,,/f 2.75 m f/,,/f 7.75 m f/,,Respuesta_d
ECOEMS 2026,Simulacro,Matemáticas,72,"Las alturas de los integrantes de un equipo de fútbol fueron: 1.82 m, 1.78 m, 1.74 m, 1.76 m, 1.76 m, 1.81 m, 1.77 m, 1.68 m, 1.74 m, 1.69 m y 1.65 m.",,,¿Cuál fue la mediana de las estaturas ordenadas?,1.74 m,,1.76 m,,1.78,,1.80,,Respuesta_b
ECOEMS 2026,Simulacro,Matemáticas,73,"En una caja hay dos bolsas rojas, cuatro blancas y seis azules, la probabilidad de que al extraer una bola, ésta sea roja es",,,,/f \frac{1}{2} f/,,/f \frac{1}{3} f/,,/f \frac{1}{5} f/,,/f \frac{1}{6} f/,,Respuesta_d
ECOEMS 2026,Simulacro,Matemáticas,74,"Si las rectas /f L_1 f/ y /f L_2 f/ son paralelas, entonces la medida del ángulo /f \alpha f/ es",ecoems_simulacro_matemáticas_74_parrafo.png,,,/f 122º f/,,/f 142º f/,,/f 148º f/,,/f 158º f/,,Respuesta_a
ECOEMS 2026,Simulacro,Matemáticas,75,Un terreno de forma rectangular tiene como medidas 16 m de largo y 12 m de ancho respectivamente. La diagonal del terreno mide,,,,16 m,,18 m,,20 m,,28 m,,Respuesta_c
ECOEMS 2026,Simulacro,Matemáticas,76,El área del paralelogramo que se observa en la figura es,ecoems_simulacro_matemáticas_76_parrafo.png,,,/f 12 m^{2} f/,,/f 18 m^{2} f/,,/f 24 m^{2} f/,,/f 36 m^{2} f/,,Respuesta_d
ECOEMS 2026,Simulacro,Habilidad Verbal,77,"Lee el texto y responde de la pregunta 77 a la 79.",,"/bEl hombre y la víborab/ /n/nQuien auxilia a los malvados, con el tiempo lo lamenta: /nCierto sujeto recogió una vívora que se encontraba rígida a causa del frío, dándole calor en su pecho, acto de compasión contrario a él mismo porque el reptil, tan pronto se sintió reanimado, lo mordió y le causo la muerte. /nOtra serpiente le preguntó el motivo de semejante crimen y, el ingrato ofidio a ello respondió: /n/i""Para que aprenda a no favorecer a los malvados.""i/ /nLa maldad no reconoce jamás la gratitud.","/bEn la narración, el hombre muere debidob/",al calor que le da a la víbora.,,a la mordida que le da la víbora.,,a que no se percató de la maldad que hay en otros.,,a que no esperaba la ingratitud del reptil.,,Respuesta_b
ECOEMS 2026,Simulacro,Habilidad Verbal,78,"Lee el texto y responde de la pregunta 77 a la 79.",,"/bEl hombre y la víborab/ /n/nQuien auxilia a los malvados, con el tiempo lo lamenta: /nCierto sujeto recogió una vívora que se encontraba rígida a causa del frío, dándole calor en su pecho, acto de compasión contrario a él mismo porque el reptil, tan pronto se sintió reanimado, lo mordió y le causo la muerte. /nOtra serpiente le preguntó el motivo de semejante crimen y, el ingrato ofidio a ello respondió: /n/i""Para que aprenda a no favorecer a los malvados.""i/ /nLa maldad no reconoce jamás la gratitud.","/bEn el texto los animales hablan debido a que es unab/",historia que no tiene que ver con la realidad.,,narración que tiene la mitad de verdad y la mitad de maravilloso.,,fábula y en ella se dota los animales de características humanas.,,descripción del animal que mejor encarna la maldad y la ingratitud.,,Respuesta_c
ECOEMS 2026,Simulacro,Habilidad Verbal,79,"Lee el texto y responde de la pregunta 77 a la 79.",,"/bEl hombre y la víborab/ /n/nQuien auxilia a los malvados, con el tiempo lo lamenta: /nCierto sujeto recogió una vívora que se encontraba rígida a causa del frío, dándole calor en su pecho, acto de compasión contrario a él mismo porque el reptil, tan pronto se sintió reanimado, lo mordió y le causo la muerte. /nOtra serpiente le preguntó el motivo de semejante crimen y, el ingrato ofidio a ello respondió: /n/i""Para que aprenda a no favorecer a los malvados.""i/ /nLa maldad no reconoce jamás la gratitud.","/bEl mensaje o moraleja de la fábula es queb/",el agradecimiento es propio de las personas compasivas.,,el hombre malvado no muestra compasión.,,las víboras son malvadas y no son compasivas.,,la ingratitud es propia de los seres malvados.,,Respuesta_d
ECOEMS 2026,Simulacro,Habilidad Verbal,80,"Lee el texto y responde de la pregunta 80 a la 83.",,"/bLos agujeros negros, realidad o ficciónb/ /n/nEl universo, son su obscuridad e inmensidad, guarda aún muchos misterios para el hombre, a pesar de que la investigación científica en este cmpo ha sido cosntante y apasionada, con el fin de conocer lo que hay más allá de nuestro mundo. /n/nLos agujeros negros entran en esta diversidad de cuerpos siderales que habitan el espacio infinito, que lo conforman y lo caracterizan. Mucho se ha estudiado y conjeturado sobre ellos; algunos piensan que son producto de la ciencia-ficción y que sólo tienen cabida en las películas y relatos fantásticos. /n/nLa realidad es otra muy diferente. El término agujero negro fue acuñado en 1967 por el físico estadounidense John Wheeler, pero el primero en tratar de explicarlos y describirlos fue John Mitchell en 1783, cuando habla de la atracción gravitacional que ejerce cualquier cuerpo celeste sobre los objetos, en especial la luz, bajo las leyes físicas de Newton. /n/nSin embargo, es hasta la aparición de la Teoría General de la Relatividad de Albert Einstein que se pudo dar una definición conveniente de este fenómeno. Dicha teoría establece que una estrella en la parte final de su existencia, altamente masiva y compacta tiene un campo gravitatorio tan intenso que la luz no puede escapar. Tomando en cuenta que nada viaja más rápido que la luz, entonces de los agujeros negros no escapa ningún tipo de partículas u ondas. /n/n En 1967, Wernel Israel, científico canadiense, demostró que los agujeros negros sin rotación son perfectamente esféricos, y su tamaño depende únicmanete de la masa. Por su parte Roy Kerr descubrió matemáticamente que aquellos hoyos negros con rotación constante se deforman hacia los lados cerca de su ecuador o se achatan en los polos (como la forma de la Tierra); cuanto más rápido giran, más se deforman. /n/nPero, ¿cómo se puede comprobar su existencia y forma, si no se pueden ver y no emiten ningún tipo de señales luminosas o radiales? Los agujeros negron han ido conformando toda una teoría basada en la matemática; sin embargo, hay que recordar que estos cuerpos siguen ejercienco una fuerza gravitatoria sobre los cuerpos cercanos, por lo tanto, aspiran la materia de los planetas y estrellas vecinos. El ejmplo más claro está ubicaado en la constelación de Cisne, en el cual se aprecia un efecto parecido al que se da cuando el agua o cualquier líquido se escapa en remolinos por un orificio o coladera. /n/nAunque el avance en el estudio de los agujeros negros ha sido gigante en las últimas décadas, falta por resolver, entre otros puntos: ¿qué hay detrás de estos habitantes siderales?, ¿a dónde conducen? Al respecto, algunos astrónomos entre ellos Carl Sagan, han establecido la posibilidad de que los hoyos negros sean túneles que conduzcan a otros sistemas solares, galaxias o universos de esta época u otra, anterior o futura. /n/nEs difícil saber si tal hipótesis es cierta o falsa; lo sabremos algún día cuando nuestro avance tecnológico nos permita estudiar más directa y cercanamente las hendiduras espaciales.","/bSegún EL SENTIDO GLOBAL DEL TEXTO, los avances en las investigaciones de los agujeros negros han sidob/",dudosos.,,notables.,,ficticios.,,aceptables.,,Respuesta_b
ECOEMS 2026,Simulacro,Habilidad Verbal,81,"Lee el texto y responde de la pregunta 80 a la 83.",,"/bLos agujeros negros, realidad o ficciónb/ /n/nEl universo, son su obscuridad e inmensidad, guarda aún muchos misterios para el hombre, a pesar de que la investigación científica en este cmpo ha sido cosntante y apasionada, con el fin de conocer lo que hay más allá de nuestro mundo. /n/nLos agujeros negros entran en esta diversidad de cuerpos siderales que habitan el espacio infinito, que lo conforman y lo caracterizan. Mucho se ha estudiado y conjeturado sobre ellos; algunos piensan que son producto de la ciencia-ficción y que sólo tienen cabida en las películas y relatos fantásticos. /n/nLa realidad es otra muy diferente. El término agujero negro fue acuñado en 1967 por el físico estadounidense John Wheeler, pero el primero en tratar de explicarlos y describirlos fue John Mitchell en 1783, cuando habla de la atracción gravitacional que ejerce cualquier cuerpo celeste sobre los objetos, en especial la luz, bajo las leyes físicas de Newton. /n/nSin embargo, es hasta la aparición de la Teoría General de la Relatividad de Albert Einstein que se pudo dar una definición conveniente de este fenómeno. Dicha teoría establece que una estrella en la parte final de su existencia, altamente masiva y compacta tiene un campo gravitatorio tan intenso que la luz no puede escapar. Tomando en cuenta que nada viaja más rápido que la luz, entonces de los agujeros negros no escapa ningún tipo de partículas u ondas. /n/n En 1967, Wernel Israel, científico canadiense, demostró que los agujeros negros sin rotación son perfectamente esféricos, y su tamaño depende únicmanete de la masa. Por su parte Roy Kerr descubrió matemáticamente que aquellos hoyos negros con rotación constante se deforman hacia los lados cerca de su ecuador o se achatan en los polos (como la forma de la Tierra); cuanto más rápido giran, más se deforman. /n/nPero, ¿cómo se puede comprobar su existencia y forma, si no se pueden ver y no emiten ningún tipo de señales luminosas o radiales? Los agujeros negron han ido conformando toda una teoría basada en la matemática; sin embargo, hay que recordar que estos cuerpos siguen ejercienco una fuerza gravitatoria sobre los cuerpos cercanos, por lo tanto, aspiran la materia de los planetas y estrellas vecinos. El ejmplo más claro está ubicaado en la constelación de Cisne, en el cual se aprecia un efecto parecido al que se da cuando el agua o cualquier líquido se escapa en remolinos por un orificio o coladera. /n/nAunque el avance en el estudio de los agujeros negros ha sido gigante en las últimas décadas, falta por resolver, entre otros puntos: ¿qué hay detrás de estos habitantes siderales?, ¿a dónde conducen? Al respecto, algunos astrónomos entre ellos Carl Sagan, han establecido la posibilidad de que los hoyos negros sean túneles que conduzcan a otros sistemas solares, galaxias o universos de esta época u otra, anterior o futura. /n/nEs difícil saber si tal hipótesis es cierta o falsa; lo sabremos algún día cuando nuestro avance tecnológico nos permita estudiar más directa y cercanamente las hendiduras espaciales.","/bEl universo todavía guarda múltiples misterios para el hombre debido ab/",las inconsistencias de las investigaciones científicas.,,la falta de imágenes de los cuerpos muy lejanos.,,las limitaciones de la tecnología actual.,,el campo gravitatorio de las estrellas en su fase final..,,Respuesta_c
ECOEMS 2026,Simulacro,Habilidad Verbal,82,"Lee el texto y responde de la pregunta 80 a la 83.",,"/bLos agujeros negros, realidad o ficciónb/ /n/nEl universo, son su obscuridad e inmensidad, guarda aún muchos misterios para el hombre, a pesar de que la investigación científica en este cmpo ha sido cosntante y apasionada, con el fin de conocer lo que hay más allá de nuestro mundo. /n/nLos agujeros negros entran en esta diversidad de cuerpos siderales que habitan el espacio infinito, que lo conforman y lo caracterizan. Mucho se ha estudiado y conjeturado sobre ellos; algunos piensan que son producto de la ciencia-ficción y que sólo tienen cabida en las películas y relatos fantásticos. /n/nLa realidad es otra muy diferente. El término agujero negro fue acuñado en 1967 por el físico estadounidense John Wheeler, pero el primero en tratar de explicarlos y describirlos fue John Mitchell en 1783, cuando habla de la atracción gravitacional que ejerce cualquier cuerpo celeste sobre los objetos, en especial la luz, bajo las leyes físicas de Newton. /n/nSin embargo, es hasta la aparición de la Teoría General de la Relatividad de Albert Einstein que se pudo dar una definición conveniente de este fenómeno. Dicha teoría establece que una estrella en la parte final de su existencia, altamente masiva y compacta tiene un campo gravitatorio tan intenso que la luz no puede escapar. Tomando en cuenta que nada viaja más rápido que la luz, entonces de los agujeros negros no escapa ningún tipo de partículas u ondas. /n/n En 1967, Wernel Israel, científico canadiense, demostró que los agujeros negros sin rotación son perfectamente esféricos, y su tamaño depende únicmanete de la masa. Por su parte Roy Kerr descubrió matemáticamente que aquellos hoyos negros con rotación constante se deforman hacia los lados cerca de su ecuador o se achatan en los polos (como la forma de la Tierra); cuanto más rápido giran, más se deforman. /n/nPero, ¿cómo se puede comprobar su existencia y forma, si no se pueden ver y no emiten ningún tipo de señales luminosas o radiales? Los agujeros negron han ido conformando toda una teoría basada en la matemática; sin embargo, hay que recordar que estos cuerpos siguen ejercienco una fuerza gravitatoria sobre los cuerpos cercanos, por lo tanto, aspiran la materia de los planetas y estrellas vecinos. El ejmplo más claro está ubicaado en la constelación de Cisne, en el cual se aprecia un efecto parecido al que se da cuando el agua o cualquier líquido se escapa en remolinos por un orificio o coladera. /n/nAunque el avance en el estudio de los agujeros negros ha sido gigante en las últimas décadas, falta por resolver, entre otros puntos: ¿qué hay detrás de estos habitantes siderales?, ¿a dónde conducen? Al respecto, algunos astrónomos entre ellos Carl Sagan, han establecido la posibilidad de que los hoyos negros sean túneles que conduzcan a otros sistemas solares, galaxias o universos de esta época u otra, anterior o futura. /n/nEs difícil saber si tal hipótesis es cierta o falsa; lo sabremos algún día cuando nuestro avance tecnológico nos permita estudiar más directa y cercanamente las hendiduras espaciales.","/b¿Cuál de los siguientes enunciados es una hipótesis?b/",La gravedad ejerce atracción sobre cualquier cuerpo celeste.,,Nada viaja más rápido que la luz.,,Los agujeros negros sin rotación son perfectamente esféricos.,,Los hoyos negros posiblemente son túneles.,,Respuesta_d
ECOEMS 2026,Simulacro,Habilidad Verbal,83,"Lee el texto y responde de la pregunta 80 a la 83.",,"/bLos agujeros negros, realidad o ficciónb/ /n/nEl universo, son su obscuridad e inmensidad, guarda aún muchos misterios para el hombre, a pesar de que la investigación científica en este cmpo ha sido cosntante y apasionada, con el fin de conocer lo que hay más allá de nuestro mundo. /n/nLos agujeros negros entran en esta diversidad de cuerpos siderales que habitan el espacio infinito, que lo conforman y lo caracterizan. Mucho se ha estudiado y conjeturado sobre ellos; algunos piensan que son producto de la ciencia-ficción y que sólo tienen cabida en las películas y relatos fantásticos. /n/nLa realidad es otra muy diferente. El término agujero negro fue acuñado en 1967 por el físico estadounidense John Wheeler, pero el primero en tratar de explicarlos y describirlos fue John Mitchell en 1783, cuando habla de la atracción gravitacional que ejerce cualquier cuerpo celeste sobre los objetos, en especial la luz, bajo las leyes físicas de Newton. /n/nSin embargo, es hasta la aparición de la Teoría General de la Relatividad de Albert Einstein que se pudo dar una definición conveniente de este fenómeno. Dicha teoría establece que una estrella en la parte final de su existencia, altamente masiva y compacta tiene un campo gravitatorio tan intenso que la luz no puede escapar. Tomando en cuenta que nada viaja más rápido que la luz, entonces de los agujeros negros no escapa ningún tipo de partículas u ondas. /n/n En 1967, Wernel Israel, científico canadiense, demostró que los agujeros negros sin rotación son perfectamente esféricos, y su tamaño depende únicmanete de la masa. Por su parte Roy Kerr descubrió matemáticamente que aquellos hoyos negros con rotación constante se deforman hacia los lados cerca de su ecuador o se achatan en los polos (como la forma de la Tierra); cuanto más rápido giran, más se deforman. /n/nPero, ¿cómo se puede comprobar su existencia y forma, si no se pueden ver y no emiten ningún tipo de señales luminosas o radiales? Los agujeros negron han ido conformando toda una teoría basada en la matemática; sin embargo, hay que recordar que estos cuerpos siguen ejercienco una fuerza gravitatoria sobre los cuerpos cercanos, por lo tanto, aspiran la materia de los planetas y estrellas vecinos. El ejmplo más claro está ubicaado en la constelación de Cisne, en el cual se aprecia un efecto parecido al que se da cuando el agua o cualquier líquido se escapa en remolinos por un orificio o coladera. /n/nAunque el avance en el estudio de los agujeros negros ha sido gigante en las últimas décadas, falta por resolver, entre otros puntos: ¿qué hay detrás de estos habitantes siderales?, ¿a dónde conducen? Al respecto, algunos astrónomos entre ellos Carl Sagan, han establecido la posibilidad de que los hoyos negros sean túneles que conduzcan a otros sistemas solares, galaxias o universos de esta época u otra, anterior o futura. /n/nEs difícil saber si tal hipótesis es cierta o falsa; lo sabremos algún día cuando nuestro avance tecnológico nos permita estudiar más directa y cercanamente las hendiduras espaciales.","/b¿Cuál es el tema del texto?b/",El Universo y los muchos misterios que aún guarda para el hombre.,,Los científicos que han estudiado los hoyos negros.,,Los hoyos negros y su posible conexión con otros universos.,,La explicación del fenómeno de los agujeros negros.,,Respuesta_d
ECOEMS 2026,Simulacro,Habilidad Verbal,84,"De la pregunta 84 a la 86, selecciona la opción con el par de palabras que muestran una relación ANÁLOGA a las que están en mayúsculas.",,"/bHONRADEZ - VIRTUDb/",,engaño - hipocresía,,defecto - avaricia,,maldad - mentira,,vanidad - defecto,,Respuesta_d
ECOEMS 2026,Simulacro,Habilidad Verbal,85,"De la pregunta 84 a la 86, selecciona la opción con el par de palabras que muestran una relación ANÁLOGA a las que están en mayúsculas.",,"/bCANAS - VEJEZb/",,niño - belleza,,humo - fuego,,nubes - hielo,,adulto - sabiduría,,Respuesta_b
ECOEMS 2026,Simulacro,Habilidad Verbal,86,"De la pregunta 84 a la 86, selecciona la opción con el par de palabras que muestran una relación ANÁLOGA a las que están en mayúsculas.",,"/bABEJA - ENJAMBREb/",,felino - cardumen,,persona - individuo,,parvada - pájaro,,perro - jauría,,Respuesta_d
ECOEMS 2026,Simulacro,Habilidad Verbal,87,"De la pregunta 87 a la 89, selecciona la opción que sustituya con un ANTÓNIMO a la palabra en mayúsculas.",,"/bIMPLEMENTÓ las nuevas reformas constitucionales.b/",,Abolió,,Instauró,,Reemplazó,,Estableció,,Respuesta_a
ECOEMS 2026,Simulacro,Habilidad Verbal,88,"De la pregunta 87 a la 89, selecciona la opción que sustituya con un ANTÓNIMO a la palabra en mayúsculas.",,"/bEl tejón es un mamífero carnicero CORRIENTE en Europab/",,Popular,,Común,,Rechazado,,Despreciable,,Respuesta_a
ECOEMS 2026,Simulacro,Habilidad Verbal,89,"De la pregunta 87 a la 89, selecciona la opción que sustituya con un ANTÓNIMO a la palabra en mayúsculas.",,"/bOCIOb/",,Reposo,,Diversión,,Actividad,,Distracción,,Respuesta_c
ECOEMS 2026,Simulacro,Habilidad Verbal,90,Elige la opción que contenga un par de sinónimos,,,,Súplica - ruego,,Maldad - bondad,,Paupérrimo - triste,,Compañia - soledad,,Respuesta_a
ECOEMS 2026,Simulacro,Habilidad Verbal,91,"En las preguntas 91 y 92, selecciona la opción que sustituya con un SINÓNIMO la palabra en mayúsculas",,"/bLos juicios que emitió eran DISPARATADOS.b/",,Engañosos,,Absurdos,,Atrevidos,,Estúpidos,,Respuesta_b
ECOEMS 2026,Simulacro,Habilidad Verbal,92,"En las preguntas 91 y 92, selecciona la opción que sustituya con un SINÓNIMO la palabra en mayúsculas",,"/bEste hombre se indignó cuando le dijeron que era un ZONZO.b/",,Bromista,,Gracioso,,Torpe,,Impropio,,Respuesta_c
ECOEMS 2026,Simulacro,Geografía,93,Componente económico del espacio geográfico que explota los recursos naturales.,,,,Industria.,,Minería.,,Comercio.,,Telecomunicaciones.,,Respuesta_b
ECOEMS 2026,Simulacro,Geografía,94,"El principal propósito de los croquis, planos y mapas es que su uso esté directamente relacionado con la necesidad de",,,,determinar el origen de un sismo para prevenir a la población del lugar en que va a suceder.,,describir el origen de los plegamientos a través de la historia de la Tierra.,,hallar la datación y formación de las rocas en determinadas eras geológicas.,,"ubicar problemas, lugares, situaciones o hechos que son motivo de interés",,Respuesta_d
ECOEMS 2026,Simulacro,Geografía,95,Las zonas de mayor sismicidad se relacionan con,,,,límites de placas.,,grandes planicies.,,áreas costeras.,,depresiones relativas.,,Respuesta_a
ECOEMS 2026,Simulacro,Geografía,96,Parte del ciclo del agua relacionada directamente con las aguas subterráneas.,,,,Evaporación.,,Precipitación.,,Condensación.,,Infiltración.,,Respuesta_d
ECOEMS 2026,Simulacro,Geografía,97,La preservación de los arrecifes de corales favorece el equilibrio del clima planetario porque,,,,controlan la densidad del agua oceánica.,,reducen los residuos sólidos del mar y ríos.,,mantienen controlado el crecimiento deplancton.,,contribuyen en la disminución de dióxido de carbono.,,Respuesta_d
ECOEMS 2026,Simulacro,Geografía,98,Una manera de proteger el medio ambiente es la fabricación de combustibles a partir de,,,,Recursos hídricos.,,derivados del petróleo.,,aceites vegetales.,,recursos marítimos.,,Respuesta_c
ECOEMS 2026,Simulacro,Geografía,99,"A partir de la información que ofrece la gráfica, determina cuál fue el incremento de la población en México de 1910 a 1970 y de 1970 a 2005, respectivamente",ecoems_simulacro_geografía_99_parrafo.png,,,64 y 152,,33.8 y 54.2,,88 y 54.2,,152 y 64,,Respuesta_b
ECOEMS 2026,Simulacro,Geografía,100,Uno de los principales factores que puede hacer más vulnerable a la población ante un desastre es,,,,el analfabetismo.,,la pobreza.,,la inseguridad.,,la migración,,Respuesta_b
ECOEMS 2026,Simulacro,Geografía,101,Principal factor de riesgo para la población que vive en la península de Yucatán.,,,,Tsunamis.,,Huracanes.,,Derrumbes.,,Sismos.,,Respuesta_b
ECOEMS 2026,Simulacro,Geografía,102,Puerto importante para el comercio exterior de México.,,,,Zihuatanejo.,,Tampico.,,Cancún.,,Campeche.,,Respuesta_b
ECOEMS 2026,Simulacro,Geografía,103,"Organización conformada por 182 miembros cuyo objetivo es asegurar la estabilidad financiera mundial a través del comercio internacional, la promoción del empleo y el desarrollo económico sustentable.",,,,Fondo Monetario Internacional.,,Banco Mundial.,,Conferencia de Naciones Unidas.,,Organización de Cooperación y Desarrollo Económico.,,Respuesta_a
ECOEMS 2026,Simulacro,Geografía,104,Elementos básicos de la diversidad cultural en el mundo.,,,,Idiomas y religiones.,,Religiones y terriotorios.,,Territorios y gobiernos.,,Gobiernos y religiones.,,Respuesta_a
ECOEMS 2026,Simulacro,Física,105,La siguiente gráfica muestra la relación entre la distancia recorrida por un móvil y el tiempo empleado en alcanzar cada una de estas posiciones:,ecoems_simulacro_física_105_parrafo.png,,A partir de esta información podemos afirmar que,el móvil mantuvo constante su posición.,,la velocidad del móvil fue de 80 m/s después de 20 segundos.,,el móvil mantuvo constante su velocidad.,,la velocidad cambió a lo largo del trayecto.,,Respuesta_c
ECOEMS 2026,Simulacro,Física,106,"Un automóvil realiza un viaje como el que ilustra la gráfica que a continuación se presenta, ¿cuál de las opciones describe las características de éste?",ecoems_simulacro_física_106_parrafo.png,,,"El automóvil inició su recorrido en el reposo incrementando la velocidad hasta 60 km/h en una hora, mantuvo está velocidad durante las siguientes tres horas, tiempo en el cual llegó al punto en que inició su recorrido.",,"El automóvil partió del reposo hasta alcanzar una velocidad de 60 km/h en una hora, después se detuvo durante las siguientes dos horas, en la siguiente hora reanudó su marcha hasta llegar al lugar de donde partió.",,"El automóvil partió del reposo, en la primer hora alcanzó una velocidad de 60 km/h, y mantuvo esta durante las dos horas siguientes, después redujo la velocidad hasta que a las 4 horas de iniciado su recorrido se detuvo.",,"El automóvil partió del reposo y se encontró con la pendiente de una montaña, a la que ascendió en una hora, después recorrió la meseta de la montaña a 60 km/h durante dos horas, en la hora siguiente descendió a 60 km/h.",,Respuesta_c
ECOEMS 2026,Simulacro,Física,107,Un cohete puede despegar porque empuja a sus gases con una fuerza F y éstos empujan al cohete con una fuerza,,,,F nula y equilibrante.,,F perpendicular y de sentido opuesto.,,del doble de F en sentido opuesto.,,F en sentido opuesto.,,Respuesta_d
ECOEMS 2026,Simulacro,Física,108,"Según la Ley de Gravitación Universal, la fuerza de atracción entre dos masas es inversamente proporcional al cuadrado de la distancia que hay entre ellas, lo que significa que entre más",,,,"próximas se encuentren, se atraen con mayor fuerza.",,"alejadas se encuentren, se atraen con mayor fuerza.",,"próximas se encuentren, se atraen con menor fuerza.",,"alejadas se encuentren, se atraen con igual fuerza.",,Respuesta_a
ECOEMS 2026,Simulacro,Física,109,Cuando caminas sobre una alfombra y traes puestos tenis y ropa de nylon adquieres carga eléctrica principalmente por,,,,frotamiento.,,conducción.,,inducción.,,contacto.,,Respuesta_a
ECOEMS 2026,Simulacro,Física,110,La aguja de la brújula apunta siempre al norte porque,,,,en el polo norte hay mayor fuerza.,,en el polo norte hay mayor cantidad de hierro.,,en el polo norte el magnetismo es más intenso.,,la aguja se alinea en la dirección del campo magnético de la tierra.,,Respuesta_d
ECOEMS 2026,Simulacro,Física,111,"El enunciado que supone que las moléculas de un gas están muy separadas, se mueven en trayectorias rectilíneas, y que al chocar unas con otras o con las paredes del recipiente que las contiene corresponde a la",,,,Teoría cinética de los gases.,,Ley de Charles.,,Ley general del estado gaseoso.,,Ley de Gay-Lussac..,,Respuesta_a
ECOEMS 2026,Simulacro,Física,112,"Una prensa hidráulica tiene dos émbolos de áreas de /f 5 cm^{2} f/ y /f 10 cm^{2} f/, si el émbolo de área menor se le aplica una fuerza de /f 20 N f/, ¿cuál será la fuerza ejercidad en el otro émbolo?",,,,/f 10 N f/,,/f 25 N f/,,/f 40 N f/.,,/f 100 N f/.,,Respuesta_c
ECOEMS 2026,Simulacro,Física,113,"Los conductores eléctricos, son de ________ resistencia eléctrica. Los malos conductores tienen una ________ resistencia eléctrica.",,,,alta - baja,,baja - alta,,baja - baja,,alta - alta,,Respuesta_b
ECOEMS 2026,Simulacro,Física,114,El movimiento ondulatorio es un proceso por medio del cual se transmite,,,,energía.,,átomos.,,moléculas.,,partículas.,,Respuesta_a
ECOEMS 2026,Simulacro,Física,115,"Cuando Alejandra se comunica con su hermano por teléfono celular, la comunicación se establece por medio de ondas",,,,mecánicas.,,de ultrasonido.,,electromagnéticas.,,electromecánicas.,,Respuesta_c
ECOEMS 2026,Simulacro,Física,116,"Si una luz roja tiene menos frecuencia que la luz azul, ¿qué podemos afirmar de sus energías?",,,,Que la energía de la luz roja es mayor que la de la luz azul.,,Que la energía de la luz roja es menor que la de la luz azul.,,Que de la luz roja la energía es igual que la de la luz azul.,,Que de la luz roja y azul la energía es independientemente de su frecuencia.,,Respuesta_b
ECOEMS 2026,Simulacro,Formación Cívica y Ética,117,"Los integrantes de una sociedad para mantener una convivencia pacífica y estable, requieren de ________ morales que regulen la ________ en beneficio de la comunidad.",,,,juicios - conducta.,,leyes - conciencia.,,prohibiciones - vida.,,hábitos - ciencia.,,Respuesta_a
ECOEMS 2026,Simulacro,Formación Cívica y Ética,118,¿Cuál de los siguientes casos ejemplifica la importancia de la relación del ser humano con su entorno social y natural para su identidad personal?,,,,"Balbina está callada y distante, pues recientemente ha sentido que nadie la comprende.",,"Eloy prefiere cenar tacos en la calle, pues el trabajo en la oficina no le deja tiempo para nada en el día",,"Yolanda es una persona tolerante y reflexiva, pues en su familia siempre ha prevalecido el diálogo y la empatía.",,"José se reune a jugar dominó con sus amigos, pues quiere fomentar su agilidad mental.",,Respuesta_c
ECOEMS 2026,Simulacro,Formación Cívica y Ética,119,Relaciona los tipos de valores con el concepto que le corresponde.,,"/bValorb/ /n/iI. Estético. /nII. Económico. /nIII.Morali/ /n/n/bConceptosb/ /n/ia. Se le asigna a lo material, los bienes y los servicios. /nb. Es la apreciación del arte, la expresión corporal y la belleza. /nc. Se orientan de acuerdo a nuestros ideales, metas y juicios.i/",,I:c - II:a - III:b,,I:b - II:a - III:c,,I:a - II:b - III:c,,I:a - II:c - III:b,,Respuesta_b
ECOEMS 2026,Simulacro,Formación Cívica y Ética,120,"Pablo y Laura le pidieron a su abuela que les mostrara sus álbumes fotográficos. A partir de entonces, descubrieron que las ________ han intervenido en la conformación de su identidad personal.",,,,leyes sociales,,ambiciones infantiles,,historias compartidas,,políticas públicas,,Respuesta_c
ECOEMS 2026,Simulacro,Formación Cívica y Ética,121,"Tipo de maltrato que se presenta cuando una persona emplea actitudes y comportamientos con la intención de devaluar, abandonar, amenazar, prohibir o intimidar a otro u otros",,,,Físico.,,Psicoemocional.,,Personal.,,Social.,,Respuesta_b
ECOEMS 2026,Simulacro,Formación Cívica y Ética,122,"Cuando se lleva a cabo actividad sexual entre dos personas, sin aceptación de una de ellas, tiene lugar un",,,,acoso.,,abuso.,,secuestro.,,incesto.,,Respuesta_b
ECOEMS 2026,Simulacro,Formación Cívica y Ética,123,"A la facultad de externar nuestras ideas en forma oral o escrita, sin más limitaciones que el respeto a los derechos de terceros, se le conoce como libertad de",,,,tránsito y de culto.,,propiedad y de culto.,,correspondencia y de trabajo.,,expresión y de imprenta.,,Respuesta_d
ECOEMS 2026,Simulacro,Formación Cívica y Ética,124,"Espacio físico dentro del cual se ejerce el poder estatal y define los límites de la independencia frente a otros estados.",,,,Territorio.,,Región.,,Nación.,,Lugar.,,Respuesta_a
ECOEMS 2026,Simulacro,Formación Cívica y Ética,125,Ejemplo del ejercicio de soberanía popular mediante la participación ciudadana.,,,,Contribuir en la quema de urnas en las votaciones locales.,,Designación de diputados por el Presidente de la República Mexicana.,,Convivir con los vecinos en las fiestas religiosas del pueblo.,,Colaborar activa y concretamente en beneficio de la colectividad.,,Respuesta_d
ECOEMS 2026,Simulacro,Formación Cívica y Ética,126,Un medio de comunicación cumple con una función social cuando,,,,organiza y concentra la ayuda para los damnificados por desastres naturales.,,está involucrado en el servicio al sistema económico y la publicidad.,,derrumba mitos al influir y formar opiniones mediante la manipulación.,,convencer al receptor sobre un tema específico mediante la persuasión.,,Respuesta_a
ECOEMS 2026,Simulacro,Formación Cívica y Ética,127,"El ciudadano /iKi/ obtuvo casas, autos, joyas, sirvientes, etcétera, mediante la sobreexplotación ilegal de los recursos naturales de su comunidad. Al actuar así logró su fortuna",,,,ejerciendo sus derechos.,,ignorando sus derechos.,,ignorando sus obligaciones.,,ejerciendo su responsabilidad.,,Respuesta_c
ECOEMS 2026,Simulacro,Formación Cívica y Ética,128,¿Cuáles son las características de la negociación en la resolución y manejo de conflictos?,,/iI. Escuchar y ser escuchados. /nII. Protección de los intereses personales. /nIII. Tolerar las diferentes ideas. /nIV. Voluntad para establecer compromisos. /nV. Defender la postura personal.i/,,"I, IV, y V",,"I, III, y IV",,"I, II y V",,"II, III y IV",,Respuesta_b
